0,default,default,default,0,1/1/2000,Male
1,rzqs,eyeg,mgvoiv,6859928646,8/30/1959,Other
2,smfe,yvmx,ijelvt,3139858527,1/5/1974,Other
3,eyne,tblw,phkzfy,584223784,5/10/1935,Other
4,athp,ztui,hachkg,3198491987,2/16/1999,Female
5,vjvq,klzm,sozbie,8505555150,9/2/1906,Female
6,ajoo,kpiy,kucyep,7602402918,9/6/1961,Female
7,mnxe,rzqq,xnozzi,59434351,5/2/1995,Male
8,rman,txyh,vtiyzx,3063638377,11/25/1985,Other
9,zyef,lafo,rsukhr,6600307749,3/21/1952,Female
10,izbm,xyjy,lkvagp,1467377301,12/14/1951,Male
11,oqpm,dhya,spkekx,1937101995,11/3/1913,Male
12,wbvu,lroe,tkbmwr,2149167458,4/23/1968,Female
13,lapi,pnvz,iqksxd,8543269405,11/30/1934,Male
14,wpzn,jnsr,rldvsb,4761773507,6/13/1982,Male
15,klvk,yqyz,uregfz,249276690,5/26/1923,Male
16,hhye,zijt,fuhkiv,9351516172,12/7/1935,Female
17,wmgz,fmpw,kebhbt,2357900482,7/22/1906,Other
18,upmg,rpiz,jnsuqn,7675630062,9/27/1902,Other
19,habx,acry,rzfdpb,153659929,2/4/1993,Male
20,itrp,egxf,zbncrn,5324847583,7/28/1934,Male
21,zxdb,hdjy,xjpzpw,3645547991,5/17/1940,Female
22,mfht,xnap,ldhakm,6711060336,1/30/1983,Female
23,gfhf,tkpe,thzrgv,4260574741,7/8/1988,Other
24,hdxh,tukd,dcdutr,3560946820,7/24/1984,Male
25,itsx,jnkp,hrytaw,8288981558,4/17/1937,Male
26,atyr,agvx,iyerxx,4495491710,5/4/1935,Other
27,idro,gwjp,vpgifl,2134581755,2/23/1940,Other
28,ybit,aopz,cndfcm,5728978732,4/18/1982,Other
29,juzy,ccpi,jiwotc,5879765212,3/5/1965,Male
30,ypal,yihb,npkiil,5245975749,9/20/1902,Female
31,sblq,agco,lusxxh,2584062169,4/22/1978,Other
32,kjqg,buef,rqbhgu,4598469406,10/23/1964,Female
33,neia,iyqx,grmsfi,11735858,3/13/1950,Other
34,kkdm,jzhw,ogklgq,2125974333,10/19/1945,Male
35,bdxx,yzux,hnzsfh,3421400030,5/27/1915,Female
36,bund,rxic,opmwdo,4964455201,9/29/1947,Other
37,nvxh,xqtw,udmxsm,1243981818,4/19/1967,Female
38,hwia,unpa,szdieq,8008514186,8/3/1955,Female
39,orln,klrl,pjpoco,4091379705,7/7/1925,Male
40,viqi,rdmn,qckauv,7320481729,9/29/1972,Female
41,nojd,uysa,ikpgrn,5571445002,5/29/1947,Male
42,igfx,fzzo,idwnaf,9866845086,5/16/1959,Female
43,vwct,wdee,gjwjgk,7788960310,10/5/1910,Male
44,pteg,mozq,trptde,3146390138,3/18/1945,Other
45,bhmg,rnwf,lgnpcq,3988720229,3/17/1907,Male
46,hdil,hqyv,udhpkg,8391176373,2/12/1937,Other
47,vtgs,rnzq,kuolol,9509111691,12/30/1988,Female
48,qrtn,xror,runxux,5083898080,1/5/1978,Female
49,rfup,xffz,ikiqbm,9013047242,7/7/1996,Other
50,qusv,ojgq,kwrixs,2073842100,12/2/1984,Female
51,linz,aewa,nychqk,4303054755,10/2/1990,Male
52,uqoj,uuvo,zrrrct,990857409,2/10/1911,Male
53,rigi,ldyp,xfoltt,4677134379,11/3/1942,Male
54,nxbg,aqsy,xqknul,3474493457,10/1/1950,Male
55,hemg,jant,venqov,3594514182,3/23/1935,Other
56,czhd,eglk,hxefdt,2861196899,12/1/1936,Female
57,meum,hclb,lccmbn,7059195950,1/17/1999,Female
58,akaa,tazi,lcnpoq,7320241285,5/6/1925,Other
59,basw,lmmg,qzftal,30394692,12/6/1913,Male
60,fepm,uuag,wvugyd,8689864192,3/18/1946,Female
61,ldad,yonu,ltmxht,2839689858,4/21/1921,Other
62,gxap,zwhy,gbgzhn,8870454667,8/14/1998,Female
63,ynsx,vjpy,fynocb,6743291072,8/10/1938,Male
64,eaus,bcme,foodbu,9279298130,2/13/1927,Male
65,detu,arzv,ifrlcw,4147521831,2/3/1940,Female
66,zewd,lhfk,cnqhgn,2026851930,8/10/1997,Male
67,edaa,ibxb,cvmeih,6010799771,6/6/1977,Male
68,ugsb,jlyz,hpabwk,579400238,7/15/1996,Other
69,bawx,chci,rlvzbs,788009899,7/9/1952,Male
70,bnbw,bwvz,ylmtdm,4092274257,8/22/1902,Female
71,irnq,abjw,qusxlv,8783396478,8/24/1940,Male
72,wkrx,kazm,bmxezu,6679298621,2/12/1947,Other
73,gpwg,oads,crbspp,3622564779,5/28/1982,Other
74,gdby,rfma,pqejaj,7155036899,1/30/1909,Female
75,ppxy,bsbq,uipyhe,6255077902,1/24/1994,Female
76,kasv,oegz,iiecas,9085520169,7/24/1962,Female
77,nlja,uinf,aeeyng,4025822045,11/2/1975,Female
78,yjqq,nwjc,sbmdbu,727348609,12/17/1986,Female
79,qunv,qnxp,pggyaf,7168507615,1/29/1945,Male
80,woxu,wecf,zhzght,4228289099,12/11/1963,Female
81,yvup,djqo,rhatlz,7446961929,5/20/1994,Female
82,tojr,illl,eldieq,1594835119,12/27/1955,Other
83,bvfx,zdes,oxvzel,8151411711,1/20/1941,Female
84,fuhy,tfvk,yafjxl,312664951,5/20/1913,Female
85,ufcy,zhmt,gqokop,4439364441,7/20/1958,Female
86,pdxr,mdaz,ekuczj,5405948137,6/5/1947,Female
87,qhof,corm,xenegn,4460268086,3/14/1960,Female
88,uwzs,hmwd,jeqiaz,2476239444,7/24/1932,Male
89,fuvo,bawx,zcoorq,9209197812,4/19/1985,Female
90,kxcl,ktjl,kyxwmw,7865670838,3/13/1964,Male
91,zaoq,kqcg,wjlgxt,6248147932,2/22/1910,Male
92,thrl,ynbu,nimsjn,2436222111,3/2/1900,Female
93,zwnt,lqpu,xmnsmw,9308748659,12/15/1946,Female
94,frdf,qtvj,zonjjx,2440022929,2/19/1953,Other
95,ghxb,smhq,nihlyq,8746453293,11/28/1992,Female
96,pmyo,zcxj,zybzxx,9820862581,10/19/1902,Male
97,akub,zydk,ibqodi,4155896440,3/24/1910,Female
98,tmtq,aprz,waagev,5255598204,8/16/1906,Female
99,bzvh,ebzq,rwwqaz,8496611566,5/10/1932,Other
100,jnxk,azfy,kdgdji,427455005,3/19/1916,Female
101,wiwq,gycc,vwrnqr,3372713544,1/11/1965,Other
102,ehgx,xgza,oqufsg,3174522754,9/30/1902,Other
103,ogtp,acuz,yqqfqu,7797947848,2/9/1952,Other
104,fsrh,qamf,xpfjck,4243884822,4/29/1903,Male
105,gosv,fdxu,ohnrew,4361493115,11/16/1989,Male
106,rjcp,fxox,vfqmos,292147743,9/28/1995,Female
107,omum,gtqr,cmpqma,8221562571,9/24/1964,Female
108,hyme,rvgs,zygcct,4700599543,12/24/1948,Other
109,uxmu,cjfe,fuonjx,6028837611,7/29/1949,Other
110,gejr,jlgj,hgrqqs,263064531,10/20/1987,Other
111,gory,owyf,zprxgm,8118992112,10/29/1971,Female
112,zddd,fwrd,rhbnrs,7517106974,11/29/1958,Other
113,yduh,jdpg,ifivut,5723929090,9/19/1930,Female
114,uftf,hoqo,wghpfy,596175629,5/1/1941,Other
115,sfeo,hsaf,akmuqm,1527005767,6/24/1933,Other
116,mrnp,eyos,svhyzj,7991390485,9/17/1995,Other
117,owbe,wner,oveaau,2082931827,6/11/1914,Female
118,rbam,xgfz,ybpdvd,9224925466,6/15/1914,Female
119,phce,ghtz,avabxz,1443935734,2/16/1921,Female
120,llhu,evsn,hnhupu,6393748741,9/28/1977,Other
121,niuu,svnq,khazmd,9701566475,10/11/1981,Male
122,twev,sczd,jpxxdo,2018082185,7/4/1962,Female
123,idei,yurh,cpyjyq,5763224153,4/6/1986,Female
124,zmzr,oeva,kqyijd,4653262586,4/7/1939,Male
125,xmoi,bxpj,bgmzqg,2940856028,4/10/1944,Other
126,ouwk,ezwk,kuurle,5416172304,11/19/1961,Male
127,oxub,jwbq,mdwqnj,1571514881,11/24/1962,Female
128,fxht,tsau,rvxcwo,4184136259,12/13/1942,Male
129,vflv,adnc,gcfwdw,6361396268,6/8/1956,Female
130,cxsf,ocuz,sxonwb,9359731052,2/2/1931,Female
131,zdyx,pnvn,ywqkds,2345150236,8/2/1914,Other
132,tbqn,karh,ugtdpt,5939567495,11/22/1996,Male
133,fkqy,ucxb,abaxdd,1996881795,1/23/1957,Male
134,pjlp,adwj,fdyaau,3735228738,9/30/1957,Other
135,noxg,lhhg,gttnmx,6318934249,5/22/1958,Other
136,hoex,ytxu,ttnlvf,4745177685,8/8/1938,Female
137,opdu,aebr,dhjqdk,8120108997,3/9/1976,Other
138,ruwz,coit,rlsupa,9871804291,2/21/1995,Female
139,igqg,axly,vfsfcn,7858793771,12/18/1958,Male
140,isdn,sugg,hajqsc,8557902726,11/30/1910,Male
141,zpqq,dmqd,jiwzwn,7589482445,7/17/1925,Male
142,kefe,qlwv,emykxn,2541536312,5/8/1904,Female
143,cvxj,bssb,ftnkzb,7799560022,10/2/1976,Male
144,qout,vnyq,svherr,3667111220,10/4/1916,Other
145,cxww,gahr,kskaxh,6995313282,11/2/1955,Male
146,bxyt,lbmw,cqmdxg,1804528570,8/4/1984,Female
147,wczc,otrl,kkepjo,7407535362,9/6/1912,Other
148,ieiu,viqi,bnmpqw,7389938540,3/8/1934,Other
149,ttwy,ujer,jpfekz,2738585053,8/16/1932,Male
150,sphs,rqnb,ozrpsh,1661091626,4/30/1917,Male
151,igpe,iive,srfalw,5983894731,8/5/1995,Female
152,gdtf,neji,vxfvql,9098288639,3/3/1919,Female
153,muxb,ekll,coxmwh,8280698154,1/20/1986,Female
154,ygpb,tbft,oosmxe,4805633390,10/26/1934,Female
155,gusw,kswx,qyuodk,1986312021,3/13/1988,Male
156,ggte,zxca,pjxwne,65327192,12/15/1953,Female
157,topu,sfwf,uhbcoy,7961274347,6/30/1965,Other
158,cmij,jwdo,nxgyrd,6555094248,12/21/1959,Male
159,kzni,juwu,mhkcjt,9351701682,7/24/1962,Female
160,tbit,pdpn,efiphl,8607236234,2/14/1970,Female
161,anqt,fhhu,esdndz,5400732130,7/28/1909,Male
162,vzgc,kikl,jctchc,8751891186,8/28/1931,Female
163,rzkz,vtgf,obngtk,4951261337,7/27/1941,Male
164,smja,gwzz,nhpxzt,4100201966,3/8/1985,Male
165,rpxw,ptee,uiowso,5748345287,1/28/1988,Female
166,aumu,lkss,rfcpsq,6541816649,7/12/1998,Male
167,wqgy,efwh,qdyrka,2369975869,3/16/1950,Other
168,aswe,gaqq,bvuuec,9734118975,2/23/1911,Female
169,mwyb,qvuo,rlvltl,4417189037,12/27/1906,Female
170,gdyc,oibs,zjxwbp,677377011,11/2/1931,Male
171,hosf,wvkx,bzmwsg,4581672321,11/30/1962,Female
172,itqg,bomo,bnegjb,7259709693,1/3/1919,Female
173,tjft,yyeg,irqjym,5868550424,12/6/1938,Female
174,fdtq,fwnx,tctjha,4217210013,10/28/1989,Female
175,aedo,xvjd,auejqs,7773338450,1/24/1992,Male
176,vhpt,odmq,hkkerm,1946662766,3/9/1925,Male
177,tnvd,pqsf,rhqhqx,2673000676,11/22/1946,Female
178,klxz,rnbs,xsmvpf,7545052889,11/18/1945,Male
179,bone,ahxi,wcitil,8752845809,7/19/1952,Female
180,admm,uizv,cycbih,8512824504,11/17/1941,Female
181,orwx,xohr,xioivs,6144770050,1/6/1976,Other
182,undw,cuqk,fzlrzu,9620913178,8/19/1903,Female
183,xejy,fsst,bbrdjp,3666744017,1/27/1932,Male
184,oama,nzdo,ezmiov,3606946774,6/23/1925,Male
185,ccho,zgmi,nrvbrq,1894648482,5/4/1924,Male
186,jblm,dpsp,hafhhb,7139817269,4/18/1978,Female
187,eino,qxfp,vkuoqn,3306678728,1/11/1974,Other
188,zpwn,kysh,uyeskr,8438716252,7/21/1910,Other
189,uiok,wzwr,daaver,7319842658,10/20/1911,Male
190,jxsk,rehu,flctjy,6566074345,5/7/1996,Male
191,ijgh,mwiq,etgqdc,5041259729,4/28/1953,Female
192,ppub,ixwh,hbbhda,1568828540,7/11/1914,Male
193,vbct,jhqv,sjqnnx,9647138516,5/9/1971,Female
194,gurj,wgtv,snrlav,11749531,11/10/1940,Female
195,tlts,blbk,mnjljg,7824615464,2/22/1936,Other
196,clto,cpmk,kosqzg,367184242,9/2/1974,Other
197,injd,cnih,kggyxp,6697545911,3/22/1979,Female
198,uyyj,dohp,rufjsq,1891929781,2/13/1950,Other
199,hrfv,wtzr,hoslwp,8336325613,11/16/1916,Male
200,evum,dodf,eujfjk,7225877247,11/23/1937,Other
201,rfuj,qphe,xjgjje,5234980903,5/18/1942,Other
202,qjrk,yvxz,zidbao,5646816620,4/5/1974,Male
203,urue,xsut,jxxmki,5778880518,11/13/1966,Other
204,rfdz,qhmj,aqcomm,5880142595,6/29/1916,Female
205,bdwf,lnnl,xnkiuf,8019809049,1/6/1944,Female
206,ptus,zflm,cknhow,2489622169,10/19/1962,Male
207,qmcn,zvpk,tplfkb,8164893113,2/21/1929,Male
208,egqu,wqwx,soudsz,7259472240,12/11/1910,Other
209,psfl,mgaq,outffy,356401213,11/18/1969,Male
210,ymnp,poig,dubcdy,5472200913,4/22/1955,Male
211,vzis,zymy,rjtwrz,2678986995,10/17/1976,Female
212,fjre,bcmf,jiyqdc,6464310839,2/28/1920,Male
213,lkft,flfw,nqsibb,2351633774,2/28/1931,Male
214,lwdq,vwzt,zyuulg,6128410587,8/18/1917,Male
215,dpaf,xtag,emkwyr,9369250046,6/2/1984,Other
216,pzgm,ofqz,aluxge,1442368888,2/12/1917,Male
217,jrnr,dbwp,ktqtwb,1426433947,8/16/1908,Female
218,vvqq,dzcb,vbflqm,496743667,5/20/1960,Other
219,hmrx,brvb,oyexxb,5534133197,6/18/1979,Other
220,lyws,fiyy,akapue,5801625382,2/1/1924,Other
221,fekf,lpqi,tzvawq,8672841879,5/20/1927,Male
222,dcrc,ttjq,jrajos,162105467,7/13/1968,Female
223,whel,gkmm,aqsslx,1352011886,10/13/1964,Female
224,twml,dmrt,icggnn,7952537114,5/17/1981,Other
225,fzyp,gvjp,kdnbvl,6407787984,9/9/1924,Male
226,rkhk,xnxq,dexpwk,2804326373,8/1/1990,Female
227,noxd,utfi,vjxziv,2770519068,5/21/1959,Female
228,qtdl,epya,hcapnj,3203569566,7/3/1948,Male
229,qaps,nous,uxecwt,8248232183,11/11/1908,Male
230,voci,mqsz,fsrhbn,9404452288,2/3/1906,Male
231,kiht,ylhr,bzyrkh,8893243988,7/16/1918,Male
232,qsdl,aixb,pojxss,9558015034,1/29/1934,Other
233,sklu,tjut,nkusnd,3920800639,2/21/1913,Male
234,nmwi,iwtz,gsmnsm,6810073075,11/6/1962,Male
235,aqqn,aook,tmbsqx,9681212430,8/1/1905,Other
236,rwwu,iulq,jarzrw,7935970451,6/30/1908,Other
237,vleg,jwdb,aullxz,4926121405,2/27/1956,Female
238,ydez,atzp,bkidou,5129752833,11/24/1966,Other
239,nulk,pvcx,ibobzs,2026811294,12/24/1901,Other
240,kcvs,tlrv,bqtxje,1436467368,11/21/1993,Female
241,pvqr,ubwq,xqkmhr,124336093,1/21/1957,Female
242,nhce,hflz,dnfmmb,1766233350,4/28/1902,Male
243,jhez,jbst,momiek,3474170618,9/15/1966,Female
244,fsda,lwuh,gtktxe,3766016760,2/4/1904,Male
245,ajuk,rjzt,vwobqw,9915782686,7/29/1931,Male
246,ubtl,hddn,vzpsej,1179772823,5/15/1919,Other
247,nxvm,xfmv,kqwnzm,254401777,7/28/1925,Female
248,gonf,dvok,hlepxg,7106290830,5/12/1980,Other
249,cmeu,nyco,aqyedt,3394627039,8/28/1986,Male
250,syjt,wjup,evhgxp,8078831778,11/4/1941,Female
251,dqrh,ljdf,cxfkpn,8073678352,12/21/1951,Other
252,tpta,dcwo,mcyhyy,8252325125,7/1/1950,Female
253,zotn,lhoc,hucklu,612775003,3/6/1934,Male
254,qrbb,ofwo,iaqakc,5129817073,5/2/1950,Female
255,qtcr,jktf,cirass,9980484639,2/27/1955,Female
256,hhpg,mqgl,fllxck,4657618451,12/15/1970,Male
257,tpdm,snkq,hezagj,2133601941,11/25/1994,Male
258,kwiz,wacm,unlgwa,5871085340,4/25/1914,Male
259,zqqh,fluw,hqehae,547925174,1/27/1955,Other
260,wmgn,elco,cnawoc,2951257098,6/15/1945,Female
261,kcsp,ankq,jouahl,1840248476,5/23/1917,Male
262,jzzi,jpca,mdqvpv,4002015516,11/4/1974,Female
263,fqze,fhpk,viuven,7603612493,5/7/1986,Male
264,jppm,psjo,bjsfne,6439604182,2/28/1980,Female
265,ymna,mihm,dysgdh,3247676009,7/10/1992,Female
266,oxwe,gehj,fgsaqr,9734828220,4/25/1940,Other
267,xrkm,wwhe,tluoos,9736770244,8/23/1941,Female
268,gqyx,bjbc,qsqqnh,689641621,8/14/1979,Female
269,gvbv,bgjq,gxifyx,8096493214,10/21/1974,Other
270,xepq,qmry,pyzrba,9879564175,6/19/1910,Female
271,bvkk,hciu,mxxctk,6356855676,4/16/1908,Other
272,woho,mtyx,xsttnb,3282517781,9/2/1911,Other
273,mxdm,nelv,sferlt,9321566240,9/10/1943,Other
274,mwtj,vpzb,vftpcj,8189266275,3/19/1929,Other
275,sunl,tnwr,wgavey,5091603027,12/19/1942,Female
276,foiq,itxl,ftwsef,2974237836,10/12/1915,Female
277,vqpy,cohl,brhmro,3582049243,9/25/1982,Female
278,oxqb,guay,prervx,7170685385,12/7/1928,Male
279,hfsm,utzc,cptgux,4103028497,10/8/1987,Other
280,kbux,qshn,mbddda,6667755554,12/28/1965,Other
281,vyhr,rliz,qhokvq,561480726,10/27/1945,Male
282,tzrj,xkff,fwoylg,4055851881,2/19/1978,Other
283,dtik,rxek,jfslzv,5774886785,5/24/1952,Other
284,etfr,oefu,baknso,6655053842,9/12/1957,Female
285,vqcx,ivwk,cmbhfa,639935385,12/27/1996,Female
286,vyuk,xnup,hfpneh,8851790875,5/12/1931,Male
287,gder,umvp,zsjusp,7519752502,2/21/1984,Female
288,vgux,ymtj,wzlnev,3135214342,12/25/1972,Male
289,tnfc,ofnc,iuvrns,5177104572,7/28/1946,Male
290,csxt,ijxu,vtysld,136881008,1/14/1960,Male
291,nayc,napv,dwkewj,2766026464,10/7/1996,Female
292,njgs,jlpe,semuma,6953713675,1/12/1928,Female
293,pbvm,ldwu,wfowpp,8852888432,3/11/1951,Male
294,wwmt,lhgm,gkzejp,4459461018,5/7/1966,Female
295,oriq,gaaq,yomxks,5654036658,3/20/1942,Male
296,teex,bnqt,fauicj,707824326,3/15/1927,Male
297,oque,qjxo,hezwzk,6218703752,3/13/1951,Female
298,ccfg,axea,heaocz,1488343738,2/11/1974,Female
299,ajks,hyus,duzwab,1085718901,6/1/1960,Female
300,yzmz,znvy,ecgvcu,5417417868,8/29/1982,Female
301,dabw,ebio,imimte,4915012114,2/7/1951,Male
302,cmkz,whuu,dbgvdw,2938518631,6/3/1900,Other
303,oqzn,oazq,gdgbwf,4984571283,11/6/1944,Female
304,nmzk,jxrp,stawwd,8658970139,4/19/1906,Other
305,omsp,jcqu,ysvmls,6737857880,12/2/1922,Female
306,cpkh,gdjb,onkjje,7947399066,8/3/1963,Other
307,jbtm,tuzy,hcfirn,2872419483,3/10/1952,Other
308,izav,gbsh,jkhkmg,1421377644,9/4/1989,Other
309,iqgu,uymz,wvzehx,9855861073,12/16/1923,Female
310,mhsu,eqhp,aauroj,1161152442,10/20/1931,Other
311,hech,stzh,wkqewx,6378654147,3/1/1944,Male
312,mawp,pzad,zyulec,8611489373,10/2/1973,Female
313,qgrt,ppng,mbsozb,8147871014,9/30/1932,Female
314,wlvi,xhmq,amvxay,2228462000,5/27/1999,Other
315,qzfs,vpve,jrmblt,4414966068,11/8/1961,Female
316,toiu,yuau,vfkvsy,555150967,11/3/1972,Other
317,tyxu,oplv,adrhbf,3824300085,9/10/1954,Male
318,bjnm,szid,agfqlt,1484049420,1/30/1977,Female
319,svuc,vjmg,drgfit,8466385555,6/16/1999,Male
320,pgfe,tjpr,bpkalv,148286671,3/4/1976,Female
321,rkos,ymmc,aaeucm,7794540200,8/6/1929,Male
322,upzd,poyp,ygatma,1029082265,3/5/1967,Male
323,mjos,rtuu,qdbuvc,2659304330,12/10/1916,Female
324,rbyy,tygi,sncjwt,9304358077,4/1/1901,Male
325,cbwm,jjpy,ulsjcf,3043712644,1/5/1957,Male
326,ypys,jaik,jemavs,1095306152,5/24/1982,Other
327,qwpp,bymp,iiurlu,667810737,1/5/1906,Other
328,hhjk,ixdb,luuoms,3350385779,10/7/1951,Male
329,mixo,rtdb,sgtoiu,4761731244,11/6/1927,Other
330,kkbf,qlia,ehzoek,7884109032,6/5/1958,Male
331,fgqq,kdrt,zdoxzi,2847745052,10/26/1991,Other
332,ieao,alyq,qcbihy,7751597162,7/8/1984,Female
333,clmm,wrks,xuwimv,4406663718,8/10/1958,Male
334,ckyt,qmzn,rfctrw,6770079173,3/4/1989,Other
335,yfao,aius,isdbdr,3637560823,7/19/1980,Male
336,qnvs,wpbv,nmvaje,7341883048,3/20/1993,Female
337,cvyw,yyoz,mplgyp,6687371014,10/17/1916,Female
338,rqhi,octi,mcjczz,7872933248,2/16/1950,Other
339,imsp,uqeq,opwirz,8945620916,5/1/1924,Male
340,wlzq,traz,kptowe,708816470,7/29/1929,Female
341,psnw,ahvx,mvcqqb,5206114975,6/17/1957,Other
342,swwh,dplc,amuaco,3157987885,11/22/1921,Male
343,ewda,hyje,xacqwd,594821265,12/8/1927,Other
344,imjb,jqor,jccdds,2138300874,11/27/1972,Other
345,hrqa,covv,yyrrxs,6960467453,12/20/1989,Female
346,vlod,ngiu,qiftid,3860172872,10/23/1942,Other
347,aqdw,yuit,zglahy,8829473225,7/15/1975,Female
348,wiwe,mmxf,gkwldw,2489116651,5/28/1935,Other
349,shyu,uuoa,nnaksg,4556516444,1/10/1915,Other
350,ucak,vwmy,ureawa,6880713500,3/13/1953,Male
351,iybn,zzki,rhioag,6697616687,4/3/1955,Male
352,byvw,swxa,vposoq,4375447608,12/30/1938,Male
353,yhly,esbc,qejkig,8435043014,4/17/1954,Other
354,naxf,lwek,tcevcm,471055052,11/20/1992,Other
355,ufwu,kjux,uulkos,8956191743,12/17/1912,Male
356,kxxn,kqle,esaeyc,3144010387,7/21/1951,Other
357,fstf,csnm,hydefa,1637433843,8/17/1984,Male
358,vmcd,ciho,eotcas,639555513,10/23/1958,Female
359,rlhk,vsea,taezjn,3275749245,9/22/1937,Female
360,lblq,nzgf,itoraa,5796037655,12/19/1929,Female
361,egvn,ttuc,lwnseh,4102518444,9/7/1984,Female
362,hsfl,flas,klpnaf,1516277008,3/23/1971,Male
363,srrp,igdf,pghjmz,1367920266,5/5/1950,Female
364,ubat,svjx,rkjrti,965652192,4/7/1971,Male
365,gpoh,fosd,hqejly,6695951500,12/2/1968,Female
366,xcqm,icbr,qjtrsy,8662902336,9/11/1908,Other
367,ablu,dksc,birwjx,9170721310,5/19/1998,Other
368,sceu,enen,otxnjq,9269118788,6/13/1958,Male
369,apzb,coii,cbofft,1449473363,12/5/1926,Male
370,clef,zedq,vurfap,5804923742,10/17/1966,Female
371,qhjr,ihyf,liskjl,6392567815,8/12/1933,Other
372,kapy,acyy,xrjmva,5626362369,10/16/1929,Other
373,ruym,sppx,cvkkwi,7567248631,10/28/1968,Female
374,nfzp,blum,klnjcn,4970277914,2/10/1916,Other
375,lyws,vvtc,jedcqw,7162818320,7/25/1960,Male
376,lnsl,cryj,ekacrq,9295373190,12/14/1957,Female
377,tanj,trcj,oyqxcj,3708547949,7/6/1936,Female
378,voyu,odjj,sxmyxm,8877777857,12/23/1919,Other
379,pqgw,hbcw,mezzbx,2099513444,6/5/1900,Female
380,xlmk,ycsj,pinyty,4305592762,4/5/1959,Female
381,iydq,kucy,qndiob,3536242827,7/16/1960,Other
382,iucb,isev,astysb,6469869369,3/8/1964,Male
383,eust,yjfp,zgsdee,6171298537,12/6/1988,Male
384,pwml,oxcp,marjjp,1317398309,9/2/1932,Other
385,tfij,hbfn,fjpqhu,3027556386,2/25/1907,Male
386,nbng,sbug,zfolpk,4290316606,2/1/1903,Other
387,gcrt,spov,bhgddv,4507626056,8/19/1975,Male
388,arwm,iptn,ywtssn,3399244428,2/20/1932,Male
389,ohkc,mkdw,cxasbt,4460353803,4/8/1987,Other
390,iert,thcc,ieqjuk,7264377087,8/9/1924,Male
391,ixqk,ezkt,usymqu,1523816292,2/1/1935,Male
392,blcc,bqpc,jgbrto,5204163935,3/24/1977,Other
393,vwrj,uykk,xxzugm,8835974123,2/22/1944,Male
394,mien,bjbq,pnqfys,569898301,3/12/1999,Other
395,ywhi,asgb,qkcigo,9916149229,5/11/1944,Female
396,idro,ugrz,obrkgo,7381424735,11/4/1971,Female
397,njjy,kxhr,vwtmdn,7096371126,6/14/1921,Female
398,hjdu,qcnm,qwmyys,1661416565,6/2/1997,Male
399,wzlm,uemi,afnouw,9348198563,5/30/1954,Female
400,lmwr,nmna,vsleqn,8314021901,6/24/1928,Male
401,gmiq,okhm,ttzbnj,3254689097,7/10/1903,Other
402,joew,vsoz,ymexkz,6638304733,10/18/1900,Male
403,kkbp,wcxc,lyktiu,437775689,8/1/1961,Other
404,ujpj,qmxi,uczvys,3578189798,9/15/1907,Other
405,diqp,cmlk,wixkuc,7607085645,8/15/1922,Male
406,rgsx,vgkd,gzpzia,1453736253,7/2/1941,Male
407,qbfu,gdzr,ylxzjp,9367155230,6/23/1972,Other
408,oiya,gyts,hkbrov,7995029875,9/16/1932,Female
409,dvtn,hgfg,pazmgj,4779311093,5/26/1932,Other
410,iaol,pvzy,umbdbl,8840513318,1/6/1964,Male
411,koqn,cvja,ltkbhz,8171731540,1/13/1983,Female
412,eiad,zvba,ofucon,6379853454,6/17/1929,Other
413,brkv,tyro,wgwjkr,4724550315,7/5/1989,Male
414,dhca,hcsj,kfsffx,9128839912,12/10/1993,Female
415,qpmf,kvvz,arvraj,2329742633,5/3/1940,Other
416,lzsz,vbbl,mlpyzm,5349554408,8/25/1922,Male
417,tjxx,aizz,lvnszc,7459723836,5/29/1942,Male
418,pknv,zlal,jbatod,2441429273,5/10/1973,Male
419,xkxt,dyka,naodpm,5193037724,5/29/1929,Male
420,nxaq,emqc,bvvcnn,638602476,11/1/1911,Female
421,zbvx,lqjn,xchawp,4412547842,11/13/1993,Female
422,tuqr,hift,agawhn,9378368625,7/24/1907,Female
423,eyju,fqhy,xjrbot,2188538816,6/29/1952,Male
424,dsjd,rhrp,iwlwck,789106424,4/22/1971,Female
425,etkb,lcwt,xastsr,6796419393,10/4/1969,Other
426,phyo,rzge,rdbmgi,8746286616,12/20/1962,Male
427,rhlx,ellw,jfysqg,9353133840,6/20/1923,Female
428,cijq,pefr,ixoujk,3340467831,1/25/1955,Female
429,jaze,mphr,ufxmfw,659662871,8/21/1987,Female
430,xhmw,hblj,uairts,3147450793,3/21/1941,Female
431,jjsy,ndet,ljmqve,7875633404,9/9/1965,Male
432,zqbf,fqgf,yxaebg,8159252049,7/2/1982,Other
433,ruch,xaag,shibqq,8232358125,10/16/1908,Other
434,ldye,dbkz,eefopo,3613824290,5/4/1911,Female
435,swbk,cuhk,wqsrfv,6043731452,10/7/1948,Male
436,tkus,cixy,siavog,6306119336,5/7/1997,Male
437,orea,kara,ffqhev,1751032413,12/13/1919,Other
438,ijih,krwb,nccbdc,2598188118,10/30/1930,Male
439,bmtu,fhkz,wufifu,922128120,1/12/1997,Other
440,eilt,ywzn,lngexu,6266377124,6/2/1965,Other
441,acbc,xubk,obbjny,5200204530,5/30/1935,Other
442,zgzi,yjcp,zxdrxg,4121970401,7/22/1973,Male
443,nrie,avlq,ehhjnf,2881840034,7/4/1927,Male
444,rfio,dngd,mvzigt,9760156655,7/15/1967,Other
445,qhvh,vyeo,gpkjbk,3951723133,11/2/1901,Male
446,tnvy,onol,lmfcnp,8967412925,10/28/1973,Male
447,ctri,ewau,cpjxmp,2012490834,6/6/1901,Male
448,kegy,nmkt,gtstap,2664367780,9/19/1977,Other
449,vagx,usne,akdhcy,5736014840,11/24/1901,Male
450,vvvp,iglj,uirldl,5573121864,12/2/1952,Female
451,eqdl,tduv,nprimn,3637655051,12/11/1953,Male
452,pqvl,szwp,hpjlsj,8799732821,6/14/1939,Male
453,mokr,ngqz,etisrr,3793302952,9/15/1984,Female
454,bnln,gylc,shxhiw,1136040576,9/16/1906,Female
455,pdva,jhjt,qkjgpi,7811862466,8/17/1961,Male
456,xdkc,ahge,detepg,1389140625,5/3/1945,Female
457,mmdy,pkce,fsethp,8418802382,9/29/1930,Female
458,skrs,puss,bzqpzf,6923662167,8/8/1966,Female
459,vsdh,gluy,byjibd,8988182690,12/10/1966,Male
460,vpao,tzgo,plgkkf,3339501921,5/1/1993,Other
461,zucs,mpep,gvzinz,5901364945,8/19/1996,Male
462,dzjn,qbyn,swkxml,2326066443,9/29/1983,Other
463,ibxr,elhu,eevpfo,5722618728,6/2/1967,Other
464,tyvc,huex,aijjpz,5281299319,8/7/1918,Other
465,twnf,iwns,bjnoxc,9944223180,2/17/1916,Male
466,iyjx,godv,vyjrjg,9358952884,12/18/1958,Male
467,jscr,jttv,zjapml,4563676629,12/8/1927,Male
468,yvcp,easa,zsxcmt,3565290260,3/6/1993,Male
469,wcnc,ayra,nxugme,4069947942,11/14/1949,Female
470,zwxy,zvgr,imaybm,8912437436,9/24/1920,Female
471,hgtd,mlov,cvuwoa,2187833053,3/8/1968,Male
472,mcme,xidq,ccahug,9544842082,8/24/1920,Male
473,hgei,skms,xrqtmn,8799646497,12/17/1949,Male
474,mqah,rxbx,hodciy,6058360386,9/27/1910,Other
475,cawg,apvw,lnhzwc,5656576106,10/20/1912,Female
476,aipm,mdyu,ejrdmi,2409374327,3/17/1955,Female
477,gqgn,esca,czhobt,5334233792,12/5/1904,Female
478,ahoi,crdu,ulvqrj,91757810,2/22/1944,Male
479,hoxo,ficy,vjpwrc,2276209073,5/1/1954,Male
480,lels,dwzg,jtoowk,8075651143,1/14/1914,Other
481,joua,tbms,vuagki,7925786041,3/16/1933,Female
482,para,jbjj,vjzsvy,5410096313,6/13/1963,Male
483,ulpa,ehdn,alfhfk,572265814,1/20/1937,Male
484,mfcq,xfuf,mnjuqq,6033545280,5/27/1955,Other
485,stmu,epfh,fgkftk,395587237,1/2/1960,Female
486,utmy,ltpj,ddpynv,6769571027,7/19/1937,Female
487,jroz,axke,hxpnts,9511585607,5/14/1946,Male
488,lsbm,tsxt,ojjlok,6347842263,1/27/1915,Other
489,rfzb,geig,lvcwga,5111747456,4/19/1927,Other
490,cbwy,dgrj,xhxvbc,300758970,3/2/1923,Male
491,lbgs,rkyq,pnumub,3666211560,12/5/1963,Other
492,nnof,rjux,iakglz,6944015309,10/20/1990,Other
493,wosh,tprr,yjgrmh,1840210871,7/9/1972,Other
494,ahmo,yxys,whqysj,2892821205,10/16/1986,Female
495,lwhj,wyxq,biijlt,4886299640,8/13/1902,Male
496,kyqs,czvr,olghag,9130988091,12/7/1904,Other
497,ihxs,fely,vfvfuz,1597769792,9/15/1927,Male
498,lqmp,cbqr,juslrh,7821711199,9/15/1971,Male
499,jpoi,bjjs,gwvrwa,2881504544,5/5/1902,Male
500,plrq,nkgp,yuscnv,3403184163,10/28/1956,Female
501,xbjw,hxii,nwzieg,8938354189,10/25/1982,Male
502,xjbq,aylk,clxcqv,5179224540,4/15/1988,Male
503,halb,byxf,btuaus,9276013003,6/24/1934,Other
504,keug,txnm,opnwfi,2487927821,11/21/1921,Male
505,jrms,hxck,jxkdpp,2901894611,12/13/1989,Male
506,qfos,dedv,zhsyuw,1151630865,7/24/1932,Male
507,zten,xuzl,hgfcnw,6792238438,6/6/1934,Other
508,lbzu,shfr,gpfhcw,1972943710,2/21/1914,Male
509,gipy,tfpn,qbzhij,8089447374,7/2/1927,Other
510,vbpw,dipp,rgdqio,8043752785,2/20/1960,Other
511,zhcd,tsww,mfurba,9174548613,5/13/1944,Female
512,eqpq,nyjm,epgbqj,9680294130,4/21/1923,Male
513,fxrv,knxu,rispco,8034040645,1/23/1982,Male
514,xxll,waqz,okclnn,4223845795,1/10/1992,Male
515,rjsv,yfoi,fygmxz,9017214360,9/2/1980,Other
516,izrk,hbiy,jpcxfn,2123518146,11/11/1961,Male
517,kpgl,abwo,wbrupb,5282510479,11/24/1985,Male
518,bfzv,yeyd,cjotdj,5739388171,8/5/1973,Other
519,uhwo,sukp,mkbaxj,4521527312,6/17/1938,Male
520,zunu,hdsg,rghikj,7096069041,4/23/1932,Male
521,vawq,nesg,oucanm,1249160032,3/11/1907,Male
522,oqes,zpxv,ohsiyw,2486336989,11/20/1988,Other
523,fjzq,xrop,lwsawy,9328072222,8/13/1928,Female
524,qdjo,rxjv,mzfeid,4532213604,12/27/1949,Other
525,ttnn,uwts,jsforz,6846719621,3/29/1900,Female
526,kucj,kcky,tlifmt,1171105580,4/14/1923,Male
527,omnq,scno,dzvaxo,6517954975,9/4/1902,Female
528,kttv,xajm,iyivdn,7703615928,10/26/1929,Other
529,nvkt,sgen,ynxsxt,8273802992,12/9/1964,Male
530,ijul,tohj,mecvdr,218550525,8/11/1978,Other
531,zfln,renf,hpqdze,68697544,11/13/1903,Other
532,tiwo,jljs,spswul,4486426306,2/27/1990,Female
533,tlui,buzi,nqxpio,8998049915,6/4/1931,Other
534,atze,jufn,mnomvz,2283608950,3/6/1936,Other
535,acrw,pmev,daplnf,9381136503,10/21/1988,Female
536,kjbs,ijdo,nkimgb,649535536,10/5/1964,Female
537,pydg,bhve,ssvdke,9825483534,12/5/1975,Female
538,poem,gzxz,jkgyel,4906247119,12/29/1919,Male
539,ltde,lhcn,sgtnoh,7002817810,7/22/1952,Male
540,erkc,aqsy,tnskyq,303195811,8/7/1965,Male
541,trit,bzwq,pzddog,2381617181,9/16/1901,Male
542,cjqm,ysan,pnqble,3396267603,8/1/1919,Other
543,urfy,feki,ewvika,3903710285,5/6/1961,Female
544,qpir,zgcl,xmtiry,5252270279,2/20/1976,Male
545,srzg,jlpw,vjomhj,6750398415,12/19/1966,Other
546,nsco,txka,jsdgto,5547936385,7/25/1906,Male
547,fgfg,getm,vpkeqo,9737680019,7/2/1942,Other
548,awmw,jhwo,oquuiw,5882091105,7/13/1986,Female
549,rsow,zuzv,grsvul,3487396342,4/14/1959,Male
550,wyin,fhhn,dlhsin,2546925656,7/9/1915,Female
551,sjcc,xwsq,gtifpw,5658301116,9/4/1997,Male
552,uzao,wtfp,sjtefx,2654012635,11/16/1999,Other
553,tcqt,suhv,pnebnn,240271236,6/21/1960,Other
554,ghbe,ykyy,qcrmwv,7616388347,7/22/1972,Other
555,mzhi,rdlo,sscglw,8490212544,8/16/1997,Female
556,nkum,nnxf,aobgee,4476783566,3/26/1954,Other
557,harb,kext,lrmpqv,8881499477,3/7/1909,Female
558,mbnr,xrkl,ktnzzc,4027023523,3/15/1997,Male
559,vvbg,kpbq,lpokjr,7708517122,7/21/1954,Female
560,yfce,viav,onsfdh,9709101142,6/20/1948,Male
561,tdyb,pqkx,yhjuri,1968418391,12/18/1969,Female
562,ptor,ohdp,linjag,8362628640,6/22/1913,Female
563,qnii,wwmr,gsdrlg,834754530,9/21/1903,Other
564,tbpv,zphb,duyysc,9322714753,10/7/1975,Female
565,isqw,ugdz,vlreas,6334349910,2/2/1944,Male
566,yczy,bfsp,pmmftq,1269631389,8/22/1950,Male
567,qyaf,isiv,llcblx,2996691429,4/24/1986,Female
568,svrm,dhoy,nstecm,5597058830,1/23/1979,Male
569,hovy,mrrk,onimkj,8389939046,2/19/1923,Female
570,ezpa,zzcr,rtockr,3019756916,1/12/1979,Other
571,toti,rchw,keuhke,9525862280,11/6/1961,Female
572,raxc,dogf,jmwbtj,4465046109,10/23/1970,Female
573,mslj,hgvd,uwnack,5807817981,11/12/1986,Female
574,xmbi,cqdu,pbyiwr,6175105983,10/24/1974,Male
575,jdrr,ydhr,bnmemf,668795601,12/15/1985,Male
576,dmcf,vnlk,vpgpze,6071761979,8/8/1992,Female
577,ejog,chcm,pjngza,1105227480,5/13/1924,Female
578,ynji,kvdu,gxezjr,3602803298,8/18/1954,Female
579,lmhx,hvny,wmvpxb,408938603,6/9/1956,Female
580,blfh,ldrc,hjpigj,4839953901,1/1/1930,Other
581,wyyi,vztc,npctnm,2597216987,9/18/1947,Male
582,sgrs,eoyi,tzgfcy,4013160351,5/28/1949,Other
583,wdxa,fzgn,jxpoyy,8616600873,12/29/1974,Female
584,mewj,crbh,srpjqy,8927283854,2/10/1954,Male
585,kzuo,yuef,oaptjl,5269816963,2/14/1927,Female
586,wgrl,qdil,ztlwla,2178006084,3/23/1944,Other
587,icmd,nuza,lwjiio,5784608932,12/14/1987,Female
588,szep,kgtd,phdqum,6659060859,10/13/1935,Female
589,zjxd,mxmz,ffsyfl,3935655580,8/5/1925,Male
590,yakx,rxwf,ehlghq,7195607611,11/24/1918,Female
591,pjwt,uakj,ahfqwd,1503198679,10/11/1978,Male
592,nvqu,vlcm,amqbxi,8426442438,11/15/1912,Male
593,fuaw,dgge,pjmgmy,9463185625,12/24/1923,Male
594,eupq,wnvw,mlfzqi,4686012907,2/27/1927,Male
595,scdn,iapi,dqiwrm,9102619979,5/10/1969,Other
596,jxii,dsok,uzwotr,7828592129,11/6/1973,Male
597,asmm,usig,sqwbbs,2938110938,5/23/1947,Other
598,eypn,gzsc,ngrpiz,1815917009,2/6/1973,Other
599,ijuj,pyfy,jsvpsr,415297663,10/7/1967,Male
600,orzq,wvuh,dpdpev,8629948761,1/4/1994,Other
601,uchb,rykc,kazlqa,3107456001,2/24/1925,Male
602,eind,fbzw,edxdec,9754627690,2/22/1955,Female
603,fpto,stop,jrguzt,7031890852,10/16/1919,Male
604,zntr,kcku,lsibae,1684506589,3/16/1923,Female
605,pbro,yprk,nmlpol,1508287709,11/11/1935,Other
606,enpi,xfxv,bmjeoq,2078652497,6/13/1905,Male
607,joff,orlj,adhuza,9723220797,9/5/1970,Other
608,bsye,cgrs,nwebvd,4268440624,8/18/1912,Male
609,dvra,mjxm,cimwhy,3160848099,8/3/1921,Other
610,dbbx,etzz,rbymkc,2596577078,2/20/1995,Female
611,cgwx,gqkd,mkzyol,3470140505,5/17/1993,Female
612,eqkc,rwyl,syleis,3903052756,4/1/1921,Female
613,klvq,ktdx,pvxokf,548223722,12/8/1916,Female
614,broh,ngzo,hgqxiv,4930448285,3/27/1981,Female
615,syju,ojtb,yhesii,9933462011,1/19/1922,Male
616,oyrs,qzsl,pxuatw,3021398627,5/2/1913,Female
617,avua,kxmb,hryhvc,8989407438,12/1/1918,Female
618,ykva,laxf,kxqndi,5529354167,1/20/1923,Female
619,kyyy,ozxg,lorvhr,9933189471,6/15/1995,Other
620,narq,srit,zrcaez,9400531584,7/6/1907,Male
621,afje,wxjx,btrunn,7809578996,3/14/1954,Male
622,dbzq,opdo,ppfcef,362606275,8/12/1972,Female
623,rhsq,yagz,llnrnd,2734227156,10/4/1930,Female
624,xaxp,ntqn,vhqgai,1468139152,5/25/1921,Male
625,fflt,obyw,rastdo,3118659690,4/11/1958,Other
626,xtmb,qkom,tcoyot,937698608,10/6/1998,Female
627,wokq,dege,ulgpgo,5293072399,12/17/1958,Male
628,qshp,ttza,mcrxri,8651717176,3/8/1994,Other
629,gklr,wrra,gvjxsv,6746139726,2/29/1948,Male
630,nnnp,bpma,vvxcoa,1869358897,11/24/1949,Male
631,jrqj,vwdr,oprfec,3323482585,4/18/1937,Female
632,bntb,jwmu,hjouwn,6380071333,7/3/1958,Other
633,zdhv,qljs,hnocpk,8161439677,6/6/1932,Male
634,puvl,vxjc,eueucw,1387889574,1/23/1971,Female
635,hzgh,wqsw,vkinzq,3867590996,6/30/1953,Male
636,gvrz,fzdj,ixeevq,4858496646,1/26/1946,Female
637,lufs,wplm,mxagfi,5075320429,9/18/1976,Female
638,ekhy,tqxz,datrkm,7604671452,7/8/1931,Female
639,pfcz,nfjj,faoihg,9834516330,3/22/1911,Male
640,agxq,dxbr,pdmzrr,485948030,4/26/1907,Female
641,llzb,curm,pdhaym,8867312948,3/15/1914,Female
642,ryun,affc,lgokjf,3587647718,6/1/1942,Female
643,mssz,chif,fdswar,8054652301,7/24/1950,Male
644,ultc,kpgu,lqpjdd,1313423642,1/9/1959,Female
645,uuar,gxej,grgvop,381910120,5/27/1912,Other
646,nqit,kfti,thntwl,1092500067,11/6/1979,Other
647,ahbh,dawx,uscixx,788219123,11/12/1960,Other
648,tvyc,lnfg,yquezh,6464969462,11/17/1926,Other
649,cocw,xafx,hbrpny,338194516,2/6/1935,Other
650,ikqc,dbef,kxkidh,1287968125,4/19/1980,Female
651,gvjj,epeh,jchiiq,1741989265,11/15/1945,Male
652,vifo,yucy,uuorjl,6953313778,4/12/1980,Male
653,optg,iqgn,ndrihh,4090368387,6/23/1924,Female
654,jmgf,aspf,ctjoxt,5471321920,11/27/1971,Female
655,qgkr,rxrg,kndsvo,8643483642,2/23/1951,Male
656,qwpd,qynh,qctcwz,4133836857,6/1/1994,Male
657,wkbi,zeti,zipclz,466355942,6/26/1976,Male
658,zwxc,ikto,xhgwsr,9992002603,10/29/1934,Other
659,oceg,fkyw,cvmflp,7675721076,11/30/1926,Other
660,tijt,eqzk,xyjuvp,9575042516,8/26/1996,Other
661,pxyo,iaur,qxciny,5575397876,9/12/1936,Female
662,qeon,uaoo,efsoos,752666551,8/28/1947,Female
663,tapr,qmcy,owkdog,5290076150,8/21/1961,Female
664,fznw,hpag,dwxvyb,9459392390,1/27/1962,Female
665,fbay,ekaw,bnflmt,9642612367,3/22/1904,Male
666,pius,avue,sksdes,5632853851,7/7/1942,Female
667,ggzy,pvch,xfnaoh,5951734453,11/2/1949,Female
668,vzng,tbix,dhaixv,145027980,12/17/1964,Other
669,ditn,tdwe,zayxcf,2610005778,6/13/1963,Other
670,ecdx,xgnf,igfmdo,5863172443,9/4/1902,Other
671,lisa,oifu,dkqjhs,2914158699,9/19/1929,Other
672,trlr,jhsl,eymfhv,7410696645,12/25/1944,Female
673,trdv,seoo,nxeyxf,3947624010,1/30/1911,Female
674,rvjt,qrdo,tlvjem,4142556145,3/10/1902,Other
675,lywj,dldc,vkcyui,6632901413,3/24/1987,Female
676,stuq,fhcl,npnson,3404005976,10/20/1979,Other
677,xzai,xmyp,cxsaas,129866577,10/15/1973,Male
678,zvcl,uviw,rwqwqp,1307705807,1/22/1923,Other
679,qmtz,ahsr,bsjyra,8826359934,7/3/1977,Female
680,hhkc,nmyh,lzueiz,4572937983,3/6/1922,Male
681,wqck,tghv,gacvfx,3754746851,2/13/1963,Other
682,flho,oemi,ozjjpi,6399451368,9/4/1946,Other
683,icxz,rleh,wbcour,2150180314,2/27/1977,Male
684,bxkg,xoam,vmptip,4415854457,2/2/1989,Other
685,rkjp,nzpl,tonmli,6643554215,9/30/1996,Other
686,gyzg,amdc,ygjage,7810796130,1/23/1925,Other
687,qzpd,pqbc,fvwtgp,3186904603,4/8/1921,Male
688,rwix,dfjf,giewqb,6773867122,12/20/1914,Female
689,ylmh,mtob,ahbmnp,6389428065,7/30/1978,Male
690,hxsn,wnge,xgcqya,4261606813,12/8/1971,Male
691,jrga,ydgb,sixjdh,6609008059,9/9/1925,Female
692,swyu,jhca,oyxjbg,5387301680,8/7/1932,Male
693,andc,itxc,utsvxc,5036432450,11/13/1962,Female
694,ekju,gffk,lwatcl,3967910395,2/17/1968,Male
695,jdvf,gkcl,kyjdzf,8742894958,6/5/1910,Male
696,mres,ymkb,ghzolw,6452805423,6/25/1932,Female
697,eoqd,trws,fboiyj,4842595570,4/4/1931,Female
698,efuq,nexr,xlhasl,1618050830,10/6/1941,Female
699,jach,cajk,aluain,4585303675,11/8/1970,Female
700,vtgx,cbwv,scsxbd,437071501,2/2/1983,Male
701,isbs,ewad,mqxisc,4374018549,5/22/1981,Female
702,dzxe,fdei,csrwey,3631045914,4/26/1922,Male
703,xdjq,wafo,vnyhms,5080337272,2/12/1939,Other
704,vtaz,dnvh,wbwmgr,4337435404,10/5/1910,Other
705,opos,gaxw,pljpjl,3715112071,5/27/1955,Male
706,wqmx,zmbz,vvctbq,1160230547,11/15/1967,Female
707,wqat,czwz,udjihc,1387667409,2/7/1932,Female
708,wgvo,pdpo,yyqtwx,499436968,2/8/1907,Male
709,yojm,lkja,umezsh,5833621298,6/3/1936,Female
710,jysp,gcfh,wrjmfc,737431494,8/3/1924,Other
711,xihm,hhrn,kggtzw,3780583144,9/21/1994,Male
712,tjnj,udwq,blzwry,4951561985,8/16/1976,Male
713,lpow,fbdr,ewoptk,5114445424,11/5/1919,Male
714,sock,adno,cogvma,6129738426,5/10/1970,Female
715,nhsi,bgcn,jfwdwc,9906935663,4/3/1967,Male
716,eqsn,ndpf,vaiqeo,812200538,8/30/1920,Female
717,zbye,eytg,sbgqrn,3211770111,8/9/1986,Female
718,czbt,vzfl,sojyav,3751324551,2/6/1917,Female
719,urqn,dvei,qcvqrg,3325836797,2/18/1944,Female
720,tzjc,upkv,kfalhg,4418778662,1/5/1933,Female
721,qepq,pmil,kjayms,5127756892,6/18/1960,Other
722,htcg,jhnb,wtdxja,9907674075,8/15/1928,Male
723,kjfi,eiuu,xiexah,5075662686,10/30/1998,Male
724,zcuf,jsxs,anyugl,8097041441,8/20/1923,Male
725,gicr,qnjf,aofday,4979552219,12/23/1994,Other
726,uupt,xonu,nagohw,3190025272,7/28/1941,Male
727,mawq,veod,meyuuf,1552123611,10/18/1933,Female
728,xnne,wejo,qlqiie,3709634218,10/4/1959,Other
729,ekut,cpdu,nsiafb,3090813606,8/20/1980,Female
730,wdtw,kqkt,foaygk,6594290322,2/18/1977,Female
731,whpe,lroe,cgaukt,6851720156,3/12/1972,Other
732,hxdu,prhb,vmhjvv,1939950544,9/18/1996,Male
733,efvi,xjix,ncpapf,5532401155,9/28/1986,Female
734,vaxp,iwdt,ctksbd,780476821,10/30/1936,Female
735,puid,yqfb,zvsofj,5761576520,11/4/1988,Female
736,dggk,eegz,mjrmda,2408838198,10/30/1957,Female
737,jbzq,sros,phcbhh,8714269859,10/29/1947,Other
738,poxm,eodz,ymhehc,8440387481,11/9/1987,Male
739,ketb,lamy,gpzaas,1428429855,10/19/1928,Male
740,spgg,altt,tptbtf,2950950513,5/17/1947,Male
741,ygvm,jfxy,fxbqnp,8350084744,7/26/1948,Other
742,wqix,bwox,vktlcd,6986051403,7/29/1949,Male
743,thgd,nemg,agreqp,9980029239,11/16/1909,Other
744,yqec,rwvu,mcqpvl,7272812568,10/5/1931,Other
745,nawd,adhs,ftdyeg,621305560,6/2/1995,Female
746,ppgv,tccl,qafaky,6234846316,8/19/1955,Other
747,ftnm,xnwd,kkkjsv,781149027,10/28/1914,Male
748,jgwp,mmvu,cixhei,5760773852,7/30/1922,Male
749,azdo,mysm,xabxdd,2966498914,3/27/1901,Male
750,bfgr,qofx,rstmhp,4382053390,6/18/1992,Male
751,rrcy,efqj,ufbmho,257078532,3/27/1921,Other
752,gkor,ecki,xzlyex,4965705685,8/26/1941,Male
753,xkwb,xfqg,kzqxgi,9911594618,11/17/1948,Female
754,hroe,kezw,zhwvqh,5316862592,5/22/1903,Male
755,qpqk,zxcn,ykuhmc,6865574801,8/27/1912,Male
756,gmph,jbck,kjqqcn,1491083919,7/28/1912,Male
757,urbk,tcph,qfuciu,3741401442,8/24/1932,Male
758,rmha,gnsc,eolzig,7902059152,5/4/1990,Male
759,aubo,yakm,wsdemn,1717643374,8/20/1954,Female
760,dtro,qlpw,ceixtb,9691477946,1/18/1936,Female
761,ajdl,vtts,smhgoa,9232422354,5/16/1978,Other
762,xvdw,ahba,prpplx,8751434944,4/7/1922,Female
763,ijti,gxik,dzavzj,2648463254,1/21/1987,Male
764,bilo,tcqb,nekvxt,1533262451,8/5/1954,Other
765,jhar,iarc,nqscix,9604441251,12/13/1916,Other
766,kctt,hvgh,tccskv,2623561149,11/15/1949,Other
767,qmvb,qfeo,clvbnx,2889185766,4/3/1916,Other
768,yjaw,rwss,duyazz,4801641852,8/9/1993,Female
769,lsmx,vyng,cridxs,7345848308,3/14/1988,Female
770,vfys,xiju,ziuwqw,3230459892,5/25/1939,Female
771,iuaf,zvmg,cmebpp,5596091089,11/24/1984,Male
772,syqn,mcsc,oevcxj,8434093200,9/21/1905,Other
773,qwdb,stgd,ldvqhs,8177001899,5/12/1910,Other
774,rbnc,mfnh,uadrjx,8365756454,5/29/1957,Female
775,zllt,tsse,wzassz,2847115218,10/15/1929,Male
776,gxog,visw,nwkmus,2712569096,1/4/1933,Female
777,gued,lzoq,ijbzew,763808703,12/6/1934,Other
778,kfyk,fdfv,xuixjs,8348555282,8/7/1974,Female
779,kvtn,jxfl,hwlyjk,1715177301,9/18/1963,Female
780,grgd,jrnc,qnkvpv,6210376723,11/28/1955,Other
781,hipv,ohag,ihjayt,5594881802,4/25/1964,Other
782,sogg,ktbf,zfyhxg,56152291,2/19/1936,Other
783,uepo,fbtk,dfxwso,1374376678,1/13/1980,Other
784,qbxd,vxsd,pkudpr,3434339549,2/13/1914,Other
785,yoss,zndv,xcomjr,7168618934,1/28/1923,Other
786,urpb,leod,bgisxv,3436405672,2/4/1951,Male
787,hzuj,xbiu,kgslmv,5055160473,4/21/1901,Other
788,fogp,buba,fkhxuk,1918845491,11/5/1941,Other
789,wvxr,ftnx,bnypig,6058610400,1/22/1908,Other
790,udpj,wbos,hgmuuf,8940330727,9/7/1911,Female
791,nlfh,fprz,bfhopt,8816943045,8/5/1969,Male
792,ixev,wtsz,puuyww,9810120696,4/8/1908,Male
793,vums,alml,mujpcq,3257598323,9/27/1993,Female
794,zftd,jscq,mbmhou,7471150524,4/6/1946,Male
795,xcef,fflh,znqyhi,8276223346,5/16/1928,Other
796,vliv,lnee,chyzss,2958167016,11/3/1982,Other
797,yvhi,hxxg,fttuxb,3632536420,8/14/1916,Female
798,uzxu,trrt,iciquu,8851593529,11/11/1949,Female
799,ohbd,fsoj,kdjxky,2809345937,5/27/1980,Female
800,jkjn,ephm,nqpgfu,3150871640,2/7/1947,Other
801,hiub,kqlf,cuuise,2292044640,7/30/1995,Male
802,iith,afgr,hkkljq,6994587587,2/23/1912,Male
803,lytj,whjw,cdpnmv,9333449723,11/29/1906,Male
804,dlhb,yjqt,qfgpva,541675545,11/23/1986,Female
805,ttdt,ekvn,kyknpo,2318870108,8/19/1947,Other
806,govh,liqz,skgtxz,1142436420,5/14/1990,Male
807,ntxh,vayq,cnyrbg,925464133,9/23/1929,Female
808,dqtl,kylq,hjptst,5000824744,5/30/1981,Male
809,zkcx,ftxh,fpggej,5083046067,7/17/1937,Female
810,rhyw,ctbs,nrfpoh,6802631430,12/25/1910,Male
811,vbfp,hxtn,ubldoy,4073636211,10/2/1912,Other
812,fzjy,ndul,ulqcga,4686259472,8/19/1994,Female
813,eapa,ydxx,ykplxp,66004328,8/1/1919,Female
814,omks,skvv,znggqd,199957782,6/29/1928,Male
815,hare,rtnx,kuenci,4178222691,1/20/1903,Male
816,cwfm,ywxu,mguvwg,9926848498,8/26/1914,Male
817,xwif,kggy,pggfis,6825074834,6/20/1999,Male
818,ncjj,oqdz,xxnpee,12813577,10/23/1966,Female
819,nsgo,kuie,frvrku,846732501,5/9/1974,Male
820,ihhm,viij,outnly,7037659175,2/3/1957,Female
821,grfu,qkyq,wffziw,1414235085,10/1/1960,Female
822,opip,luhm,jdkluh,5474183280,6/6/1986,Male
823,nopb,tghn,jysymd,4879429970,6/1/1931,Other
824,fepp,xhgh,obokzg,8831567653,11/2/1973,Female
825,ytdb,fpuo,pyopoj,1280005248,7/26/1980,Other
826,tzks,hskj,jjyolo,5394587975,3/2/1959,Female
827,zehm,fpix,ikojse,5087790095,12/29/1930,Other
828,lgku,oibh,uugwpq,5750314081,2/2/1946,Female
829,lbtv,ysdo,prvivg,9457239694,3/15/1995,Female
830,zjoe,eyfo,lztdbj,7428995745,12/25/1952,Other
831,mltl,chhi,pouzby,6321556805,11/11/1954,Other
832,jqem,ierm,uibpgj,2722985691,12/30/1919,Female
833,miac,xcux,oanedt,4714847888,8/15/1975,Male
834,lnmh,yvmc,dqjkhu,3218485039,11/3/1979,Other
835,nqvx,xtnr,nosenc,5906318319,9/21/1961,Male
836,rkjw,mudf,vuyocw,9088201917,7/21/1938,Other
837,bzbm,umuu,egpctb,2765874911,3/16/1901,Male
838,pzpm,zabi,huabje,7357640258,11/24/1932,Female
839,eftj,iivw,rnjxdg,4248222729,11/28/1916,Male
840,lzxs,vask,syukir,6413436016,1/12/1905,Female
841,xpqy,lpad,zpvpdq,5560799658,9/22/1991,Male
842,rdwz,edof,qxznny,355888385,1/19/1936,Male
843,bpms,kclh,fidcds,2357797284,6/7/1953,Other
844,suwn,qive,bufylv,9086916542,2/6/1988,Male
845,nyzw,ibay,qzkxls,914467932,11/17/1996,Male
846,shqc,tetq,oaoreq,5066591548,4/12/1992,Male
847,uhtd,ijsc,orjgpv,5549921858,6/27/1984,Female
848,cfik,ooni,nkyqfl,2798781041,9/24/1935,Male
849,dwax,mkhl,uqgvmv,9469356883,6/3/1968,Female
850,fyll,mkzz,nmdpzh,6112020105,6/16/1933,Male
851,knqi,voee,zpqlnq,41395424,12/2/1963,Other
852,finh,npky,omrvkj,3034773318,11/19/1958,Other
853,pfuq,fscp,vhyvok,9603857576,10/26/1925,Other
854,zoqk,yoax,dgbqce,8331743533,1/15/1989,Female
855,pevt,quwd,snrhwu,7534394141,2/17/1962,Female
856,xuwp,ntie,gsohgd,1934616219,4/16/1976,Other
857,ojcv,lozw,kjowhq,5538195843,5/10/1972,Male
858,eerv,ltij,mffcvg,146568585,12/1/1999,Male
859,mqka,daez,bmkleb,1573721149,11/23/1973,Male
860,csjo,nldy,agddwt,3461961469,1/6/1977,Male
861,pssu,rccu,bjwxwk,7484618443,10/28/1977,Other
862,yssn,cboz,uffrni,114308800,7/19/1946,Male
863,exzo,fjnx,lthyxn,7160255645,2/3/1928,Female
864,kvti,pvae,otajzn,3330422566,6/8/1961,Male
865,xkih,mxxb,woteau,9614716705,12/21/1989,Other
866,jchc,qmbv,qtfehl,1142508939,5/22/1909,Male
867,ijhq,mdky,fgnqcw,2631745010,4/4/1906,Female
868,ijxk,oddy,hcpljo,6164870382,8/23/1973,Female
869,edrf,ikxf,bbwsnz,9305607012,7/1/1913,Female
870,jgdh,kwfl,ynhnfx,1713299241,5/28/1944,Other
871,fgdu,pnmt,mcxkxk,8439664011,2/27/1932,Female
872,xegd,mvze,xtdwmj,5471591347,8/9/1975,Other
873,otkl,uuoy,soybrt,9024727439,12/11/1962,Other
874,sheg,oosr,dikvrz,7448934481,7/18/1936,Female
875,btmt,fvpy,ubfzcc,8481130428,3/29/1915,Female
876,ytgo,nujc,zexizv,5622989352,9/26/1990,Female
877,vxqz,tvuh,nrdokn,9652375992,11/10/1955,Female
878,wrcv,zaha,rrvdsk,1679319867,5/23/1982,Other
879,awbx,cdwb,lylivq,6832846954,2/2/1966,Female
880,tpst,rzds,kojqya,1354879181,12/3/1997,Female
881,dsik,xcow,ujebkl,2466582875,10/15/1989,Female
882,xvyy,rdvn,ogahuo,2161523244,8/9/1981,Male
883,mvft,eivs,gbxuhc,6232104134,8/21/1994,Other
884,tndv,jcgt,mrrnco,4155209076,4/19/1994,Female
885,vbhj,vpvr,xwxjdn,9411600856,7/16/1935,Male
886,zufu,hnsn,brpidr,7077753027,3/22/1925,Other
887,bxzb,jmgr,jhhdsy,4277881861,4/7/1979,Male
888,ysdx,rcme,dobeil,6492238858,12/22/1907,Other
889,sclf,wkat,tntjfx,6960552741,9/19/1903,Other
890,lzsb,zlun,svganr,2511109497,2/22/1960,Other
891,geti,tvmw,aiaccz,8248886846,10/11/1937,Female
892,dydf,qakq,nuucxg,7752715822,7/25/1936,Female
893,ewfb,hklt,frukmt,1822588205,3/16/1947,Other
894,qktn,wkfk,cvswpc,7373686203,4/28/1978,Female
895,nsbv,nknl,zigliw,7977871057,4/24/1954,Female
896,tpdk,kyfj,yfinec,8398146499,5/1/1948,Other
897,ksnt,omwr,bgekmt,1090459106,4/7/1987,Female
898,agrm,ubrb,twubjd,7354628711,2/4/1914,Male
899,wxsc,sqlg,lmwoyy,3181935080,12/29/1906,Male
900,kmae,euwk,yzjmtu,8277607978,6/8/1918,Other
901,zwkf,zdul,dfizrh,2160803826,1/27/1951,Female
902,qvln,mvds,fgrwll,2921512804,1/25/1986,Other
903,okvq,vsdv,iiwmda,5851718410,2/1/1980,Male
904,tsav,whqa,nbqecr,4172915897,1/6/1999,Female
905,xyea,ydqm,ibrhnh,5442903743,7/15/1998,Male
906,uxtc,gfvk,tzkasm,427800457,12/7/1904,Female
907,gppo,ggcz,xclykm,3722873155,8/26/1982,Female
908,rlfp,euuy,qeneyp,1322152297,7/11/1992,Female
909,idbj,ghix,pifhix,9829739024,3/22/1989,Female
910,eiyb,sqqv,aauprh,6047701563,8/11/1922,Male
911,goqz,svjj,fzrnku,8128628911,7/24/1947,Other
912,nzdy,gojl,dxlfoy,6732422461,10/26/1906,Female
913,yvxg,lbjg,mecpiv,3545534465,10/10/1949,Male
914,wkbd,czfv,ezracf,8279945495,7/19/1951,Other
915,gmxo,ytsc,bdovwx,6837474151,10/14/1985,Female
916,dvqr,bfns,zrgwnw,2473692978,5/29/1938,Other
917,clbc,dwsf,uxsgid,2347214170,11/24/1980,Other
918,tryi,rlpx,xialch,509880254,11/3/1969,Female
919,ghkh,bmaa,hmrxmu,9466282875,1/3/1923,Other
920,bnbp,kjzy,kxvrgp,4327528744,1/1/1904,Female
921,pzww,ybdu,pwjcal,8462238934,11/8/1926,Male
922,oiuw,dpcc,xwpyhi,9497279907,9/12/1974,Female
923,ovwm,sloh,xtuzof,6504255372,10/6/1911,Male
924,atim,dlcd,fbhyxt,4030182647,12/4/1937,Male
925,qglk,ysip,oluftn,4445727247,3/16/1907,Female
926,gmja,dleq,ewcsgc,1678657266,5/23/1995,Female
927,atrf,agvu,csdpkp,9731351098,5/26/1942,Male
928,iucb,ffih,hhbpen,6824650490,2/2/1959,Other
929,qpkq,pfgw,yoybrc,9424323710,9/29/1969,Male
930,iclu,twkv,uqjafz,6254489349,9/23/1910,Female
931,jpvq,jmhp,ojzaav,4671074778,12/20/1906,Female
932,weul,mfzn,rivrpp,5547658492,2/7/1907,Female
933,csjd,mfyj,vycnuq,854259121,5/1/1947,Other
934,lovi,wzky,vmsgka,6143202236,12/8/1959,Female
935,pncl,xuhz,gzfatu,9486110679,11/21/1928,Other
936,okcu,efsz,czhoro,458995507,8/26/1939,Female
937,ckhj,affh,gtikbm,5404714107,4/25/1939,Male
938,jfxa,bkym,trwyyd,3249724910,8/25/1984,Female
939,pqje,kdwh,ddgjsc,9841953958,8/25/1901,Male
940,hwqy,kqny,vbvmus,696367568,7/2/1947,Male
941,xqhd,vttl,ckvcoq,3008688437,12/13/1944,Female
942,rxct,bvnc,ugmizs,9619169086,9/19/1922,Female
943,lleo,xgnl,mxedrv,2517485021,5/30/1948,Female
944,lckq,ohwg,bmiqed,4852173567,8/2/1912,Female
945,feij,rami,tteaju,9130304095,6/14/1961,Female
946,jqpp,lqlz,iescdi,5425904852,3/3/1955,Male
947,qfxf,kelf,wnndej,4963451088,5/27/1999,Female
948,sjzp,gdjw,susunj,6349142806,11/8/1925,Other
949,melg,eixc,djvqon,2489927304,5/18/1923,Male
950,trpd,jzyj,qbtwcb,5994823043,11/3/1984,Male
951,zltv,jedu,wrvjpn,3307237190,5/16/1948,Male
952,qmuq,yhhz,czliai,1174618538,10/30/1951,Male
953,nqdc,nvix,oyfucf,1184295256,8/17/1943,Female
954,wbgy,imrk,uqvcoz,5392934995,7/17/1902,Female
955,wamc,yqux,stjqkh,3845516082,10/23/1956,Female
956,twyg,egod,rheosw,8131506167,5/9/1940,Male
957,bojy,vboe,llbmdl,1449228207,7/14/1963,Female
958,eepy,zlmu,ufxquu,3118384322,4/18/1961,Other
959,ziem,nqif,rvkupg,8198426223,3/5/1921,Male
960,qley,ilde,kjucqy,7992799351,5/19/1972,Other
961,mykw,msyk,imyidz,1650714958,2/11/1917,Male
962,fvvi,unss,fuhkdu,5618493681,1/13/1973,Other
963,atul,wnmc,vlhiyn,1408860162,9/2/1974,Male
964,amci,ztrz,wqeqeh,8035236987,11/27/1947,Female
965,gpax,syfb,sttyvb,527601453,7/2/1933,Male
966,keau,xoem,unqbmq,789461993,10/19/1920,Other
967,cmkb,yfhk,gsidug,8821758658,2/19/1997,Male
968,bsmi,ghok,cuyrji,8615099270,10/18/1930,Male
969,wawz,abaw,kxmpgd,3887753612,9/12/1901,Other
970,onil,bfkd,ckeozw,5680210798,3/14/1927,Other
971,smpx,njnk,sjkfkb,6180858437,12/14/1976,Other
972,xriz,lvbk,getmlj,6013874764,5/19/1975,Male
973,lail,okez,ohoopp,1783777785,2/15/1950,Male
974,dmvv,cpmy,fdxcrd,6851617094,3/13/1902,Other
975,vjtx,gczo,wuvhyr,721420874,11/16/1909,Other
976,hyzr,kiwd,yqcxgm,3206728386,4/8/1936,Other
977,sqet,njpv,cbhvpd,1547874853,3/20/1935,Female
978,jlug,rszc,iptcdn,6180457746,5/27/1959,Male
979,jehj,njcw,eetcig,9373156912,9/30/1991,Male
980,pfym,vubc,xlbzkj,6292379767,7/3/1950,Other
981,ljnc,vwwt,cdspfn,5803804545,10/7/1984,Other
982,lqqb,npyc,mjnczs,7647175847,6/15/1949,Male
983,iznf,rgzt,edntiy,4244796801,9/12/1953,Male
984,uzej,tmvn,aiaqys,2822084300,12/9/1981,Other
985,ghjb,nmia,ysnfsa,1931782101,4/3/1901,Other
986,sfnl,nzat,uvwghf,3166969206,10/10/1911,Male
987,uhla,dqym,rhdhdm,8044096705,9/11/1944,Female
988,tmkz,jmvy,aantmx,2741798370,5/15/1935,Female
989,ppnj,qwfp,szqzqw,7287667425,10/21/1961,Other
990,fwte,bhlw,eytjmp,1573059427,11/14/1967,Other
991,iifa,kmrx,gqgwvr,944694229,11/6/1988,Other
992,qouy,gkok,tfoapq,7296906445,5/1/1976,Male
993,mxgl,ggjc,wzyeyg,3415119718,8/14/1925,Other
994,xvjk,wuir,zdtupl,8955501054,6/26/1909,Other
995,cllf,vazh,jzsxgl,874381284,3/8/1949,Male
996,eeet,kwzh,goydgg,3735569831,9/21/1910,Male
997,mipt,ehrp,tjisli,9381365237,10/21/1982,Female
998,mswf,ptdd,etwmty,5934010094,10/30/1936,Female
999,tgfd,zqye,hmlzgz,7400171673,12/22/1962,Other
1000,mfuo,exfa,lqkrzm,5848286974,4/22/1933,Male
1001,jogu,miyc,eybqpy,8480219316,8/16/1975,Female
1002,axhc,gcie,nmysbi,1251955220,8/27/1994,Female
1003,okjr,rzhi,iruagp,7743381027,8/27/1963,Female
1004,qbfw,elxe,mcigbi,2491481263,12/12/1989,Male
1005,ynzg,zdaz,qcmumw,5636543382,11/25/1967,Male
1006,cknk,uhjp,fjsgef,8716712379,9/8/1942,Male
1007,nysu,jbsg,vcwkyz,1180552334,5/2/1971,Male
1008,lihh,rbri,eognkw,6712644549,11/2/1989,Female
1009,nfjh,ootu,biezkm,9015414796,5/29/1988,Male
1010,ghfx,wycb,pkjfxb,6054166186,11/27/1950,Female
1011,nprh,recc,iatwkb,7824398848,10/2/1962,Female
1012,asrz,hzbq,mnlgkp,122734827,11/16/1914,Other
1013,gqxt,flam,mqhywe,8717807506,6/28/1981,Male
1014,nxih,hzpn,ctyddu,8426797407,4/8/1906,Male
1015,gfxt,mtzj,bdupwx,3574340885,9/14/1965,Other
1016,ccfi,wvze,babzkd,5647424131,9/21/1943,Male
1017,lyzz,iyby,gczyfn,2008087348,9/22/1992,Other
1018,cvae,dndn,ynmfwd,7915306142,2/8/1965,Other
1019,kayc,cwfg,clsiif,2704538989,4/13/1948,Female
1020,jhda,bcij,qckfyu,8601104734,9/30/1902,Female
1021,fmgh,ucdg,ctwxtl,9073007237,10/9/1956,Male
1022,xbtk,ahfv,eigsmt,8967237230,11/7/1972,Male
1023,hasz,wlpj,mamnoi,5568332298,1/14/1903,Male
1024,ijfi,edgq,qklrmp,7805759514,11/23/1919,Female
1025,thez,rjax,wzoshy,535215357,10/9/1990,Female
1026,iazi,nrxb,qxexme,7998167358,10/8/1926,Male
1027,hqxx,wbcn,wipawo,4789602884,5/8/1902,Other
1028,amyo,hbna,sgpmky,6440178212,3/9/1917,Male
1029,qpuh,mxmr,wsdcxn,2398265591,3/22/1915,Other
1030,uawi,kzpk,lmmxqq,7976486205,3/12/1977,Female
1031,gahb,wtth,rtfewe,1285668985,7/21/1963,Female
1032,dwgz,awqg,ljytve,8029544380,12/14/1933,Female
1033,uqnm,qnlw,uwswwv,4751094901,10/8/1993,Male
1034,iriy,lwun,wsxekl,2037273604,8/18/1910,Female
1035,syuz,hdul,bmzgbl,354415347,7/10/1946,Female
1036,ytft,mprm,dqnhxr,5143048061,5/19/1930,Male
1037,ltye,gmwk,rkvrip,2219433219,8/15/1909,Other
1038,lqnw,aomx,cabpct,9855657778,7/26/1929,Male
1039,aegz,bclt,tbzado,1961199418,5/22/1997,Male
1040,bali,nfcx,sqosbs,6688460484,5/2/1975,Female
1041,eqso,rsye,mpqpku,9987150433,3/16/1912,Male
1042,orrb,yqhd,gkrlca,1120784061,3/10/1911,Other
1043,rqgs,ofmk,llsxvd,7088265369,9/11/1945,Male
1044,vedm,evka,bddxmk,9326172858,9/3/1949,Other
1045,gwvl,yfbl,hzohzg,4629211011,12/13/1923,Other
1046,uayb,xthv,cjzrji,6506398537,1/26/1992,Female
1047,roeb,jxxa,obyjdd,4115139063,7/24/1911,Male
1048,xbfk,jqni,zfuhsj,4842119619,2/3/1978,Other
1049,ckmu,zztl,plcgca,3449052363,1/4/1935,Other
1050,xesp,udyh,odxhcf,5285390822,10/2/1965,Other
1051,phjk,psxn,safgjs,8638315255,6/8/1933,Female
1052,nnwh,stpl,xgtman,1924272433,1/20/1984,Female
1053,zqcp,mdjt,prtmon,3019099519,8/4/1927,Male
1054,hqxh,yheg,wxdlnh,2254193819,12/1/1945,Male
1055,kfqe,ismh,vrmzsr,4690005327,1/12/1984,Male
1056,vlpc,vtyp,rcwlgg,6506172799,10/5/1994,Other
1057,jpth,ombs,dquokb,4767784734,1/8/1949,Female
1058,kgwd,makl,vsaaql,7388214047,11/20/1998,Male
1059,grjs,cqfq,ldaqfu,8783246601,6/6/1919,Other
1060,mxuh,dcuw,agcdnk,9052141154,11/1/1936,Male
1061,jlcs,uirb,thdcga,6697511394,12/4/1962,Female
1062,egdg,ktvp,hobplg,4348293355,7/21/1934,Other
1063,lxdc,guxe,sizpqm,4788337254,9/13/1942,Other
1064,xije,vqbr,eedffd,6421040129,6/9/1926,Other
1065,cmfk,worh,ejrpkk,8948970808,9/30/1960,Male
1066,ebaa,yffs,hokfiw,6014520962,5/7/1902,Female
1067,puyx,wkwm,zbdbac,624652603,1/23/1925,Female
1068,xuyv,bmjj,jfhqre,8448512719,10/9/1958,Male
1069,yvdc,mpke,hgkifr,884998829,8/12/1933,Female
1070,sdqf,fujc,xxnate,6527880938,7/9/1910,Male
1071,rxdj,vsid,azlvxc,5753396949,6/16/1925,Other
1072,eldk,xerw,yjzfbc,5704772268,3/27/1985,Male
1073,vudh,weav,vcjcmh,7921239777,4/16/1937,Female
1074,sicc,tcqd,uogrty,4003705912,2/16/1983,Male
1075,vdpi,yyyx,gpjbfe,2893624854,6/23/1919,Female
1076,qhdl,twro,hqidxm,4289681770,8/18/1992,Other
1077,qjjl,sbdk,prmqyi,3925477948,9/15/1946,Other
1078,pdfa,tnjc,vqngsm,7408421834,12/12/1983,Other
1079,gylg,gyjl,icgiws,435183254,6/14/1986,Male
1080,jnem,ggda,mdmyiu,2235397193,12/10/1904,Male
1081,cynb,gohp,oycypc,567271296,2/23/1962,Female
1082,tgsv,cltr,oeqrax,4539468741,8/29/1929,Male
1083,uzro,gnpf,xpfsdt,2965342282,12/21/1935,Male
1084,ozqk,duvm,tfxwed,4267858031,8/23/1953,Female
1085,csro,pxku,twejuf,6023514291,8/1/1933,Male
1086,mxuf,fqlb,ffwhmg,1531327361,12/23/1915,Male
1087,lbow,hxnc,wmilye,7710248514,9/23/1904,Other
1088,gtmi,xqwl,sbkebd,2295585582,12/22/1999,Female
1089,vqlr,jqux,qzcusd,5614470562,7/3/1941,Female
1090,jlvm,wwxn,jaeskl,5540592830,8/30/1998,Female
1091,hdsk,lznf,tfxtil,9062478869,10/11/1919,Other
1092,ipnu,kwok,plhure,5688237920,9/27/1988,Female
1093,vfrs,frkm,xwykxp,9817229646,5/4/1911,Other
1094,tkbn,kwrh,levctp,732400615,8/19/1979,Male
1095,fitb,ilqt,cgvjid,4783456975,5/9/1988,Other
1096,cmkl,foea,qgyjem,8094147879,2/10/1961,Other
1097,rbvf,zpoz,audncs,6648607066,4/1/1930,Male
1098,cdmg,scji,pajueu,7939039409,3/24/1974,Other
1099,hbzx,vrwv,ykevbg,8335268486,12/26/1910,Female
1100,jvkq,rmgg,bpidjy,5391299995,9/22/1979,Other
1101,cfjn,ulbd,abyqvg,9468269715,8/27/1965,Male
1102,qpqe,cyzv,mupgcf,536798051,1/17/1958,Female
1103,ecki,xtcw,utdlsh,6132641601,3/22/1955,Other
1104,wbjb,tqdr,wsnguc,8228911472,3/17/1955,Male
1105,ytbj,nrkn,dizksp,7072718833,11/25/1928,Female
1106,nnen,advn,gyklqv,387854180,1/22/1995,Other
1107,yhkk,mfcl,afjkgq,1755446789,9/25/1906,Female
1108,uqaq,wgfp,lbuicn,7486622153,10/25/1981,Other
1109,llls,hhxf,rmsupv,8039867350,5/19/1977,Male
1110,vifd,kxia,izkvsj,9924143580,6/12/1925,Other
1111,qzvq,buwa,urlbzz,227937888,6/5/1973,Female
1112,ffib,aclt,cuvezk,5685050707,6/10/1961,Other
1113,ohhx,kfbs,ahgzcl,9726759838,11/2/1946,Male
1114,tdvu,pasj,tfqlwu,2505919652,8/18/1980,Male
1115,egru,rtbx,rajuhm,6080030832,3/27/1946,Female
1116,rmhx,xxux,dmpixo,3409167504,8/27/1999,Other
1117,saua,jmoe,vwaslr,9827257530,9/30/1994,Female
1118,piqk,lbuy,fuzgwz,9264242198,3/27/1959,Other
1119,jafj,bqhx,dvsstf,2530601821,10/1/1927,Other
1120,mbex,fomf,dazjlk,7793348944,9/25/1941,Other
1121,xfde,eyzy,rwfhcu,3232973309,2/22/1938,Male
1122,rwpl,ktvm,lqjcym,141286550,6/10/1964,Female
1123,xxww,hcfz,kbkjcp,640642155,10/26/1967,Female
1124,dcml,cnia,wmvdzu,4662934098,11/7/1931,Female
1125,fqbo,taxn,jxojrg,1390405735,4/15/1939,Other
1126,htuq,vhqf,jskjur,2219729256,5/22/1989,Other
1127,joyq,gkch,vjjpxm,6952852633,10/30/1972,Other
1128,daod,musz,iuysjx,9501136710,2/2/1903,Female
1129,olhq,fyos,kepdxz,9444756233,4/4/1982,Other
1130,bovw,agdh,imtcgo,1655903512,5/29/1991,Male
1131,djhk,njje,aylado,6208673490,3/18/1972,Female
1132,qemo,ydbu,mbjocm,7365577840,5/10/1930,Female
1133,lidl,lvhf,yfdrdv,5706011890,3/2/1960,Female
1134,dfxc,irvi,ikaatr,2271505856,3/2/1980,Other
1135,ztoy,hrdu,qqkvdu,7899963732,2/3/1932,Other
1136,relc,fxsw,shybup,1302349859,2/28/1969,Male
1137,ihpb,ovug,ykarar,9200341565,11/23/1931,Other
1138,jlgf,ucbj,yiryqr,1966626283,4/11/1932,Other
1139,ibpg,wqrt,krrmlb,4228723858,2/11/1982,Male
1140,sute,yyxf,bguihn,971123764,10/27/1917,Male
1141,lmgk,hlkx,zztlwu,9325520624,5/5/1922,Male
1142,tvte,cchz,xwqvwq,9715804455,9/24/1946,Other
1143,ywrn,zaqk,vdnyim,8281989080,4/12/1998,Male
1144,gypn,arih,rrzcle,2909752621,4/3/1938,Other
1145,gnaj,ztjv,cxzsof,6478280020,11/18/1923,Other
1146,edxt,gksx,fmpoma,9984224072,1/8/1938,Male
1147,gojz,jtet,dijeik,4153084887,2/23/1900,Male
1148,ktgz,sohe,gsyvvw,8198548824,5/19/1971,Female
1149,ewed,ogls,nagago,4318485003,8/8/1971,Male
1150,wvjw,nnre,zonlqq,9321860464,5/14/1952,Male
1151,korf,ybnf,jshans,4366269290,3/22/1932,Female
1152,mrsj,xjgp,rggzmw,4395525958,9/1/1998,Other
1153,nmjp,tmyg,ckgzzg,968012879,1/3/1939,Female
1154,abgk,olcm,crlevd,3013725050,2/18/1988,Female
1155,ckzf,czjx,ihilok,3137379839,7/18/1963,Male
1156,uqsn,yids,nljuqx,5161969053,2/19/1965,Male
1157,ozox,qdug,ajhvxm,9919584804,5/23/1906,Male
1158,levn,djph,toabeo,3239889382,4/26/1960,Male
1159,ojyj,qhmd,bxvcng,6933044353,3/11/1949,Female
1160,btmd,uhjg,djgsfb,4528497459,10/30/1995,Male
1161,lwbn,lyvq,kiabtz,6914042946,3/16/1977,Female
1162,lhtb,jamw,dztzsc,6214797179,1/20/1932,Other
1163,tibt,ekas,bmvdcx,4904890027,6/10/1906,Male
1164,ibqu,kfdf,gddqpl,2767170183,1/8/1912,Female
1165,jlal,oibx,uphkui,171318732,7/16/1913,Female
1166,xpcs,jclx,ayncml,1568738656,4/21/1963,Female
1167,ugeb,yspz,jofzim,8552869015,11/28/1923,Male
1168,jhya,vjgo,gyntzo,8984089778,7/18/1972,Female
1169,kkwm,rlce,qafwwi,8105031050,1/13/1973,Male
1170,iujx,osfe,jkbvyj,8997802696,9/16/1978,Other
1171,dexq,ulru,zqeukt,7487303458,11/13/1910,Female
1172,xxhi,ibct,ozxkio,7953593990,2/23/1986,Other
1173,nmbx,kmkw,ygnahj,768057071,3/2/1983,Female
1174,drik,rgqi,bdgems,1058523087,10/21/1920,Other
1175,ynbw,jbxm,hepzpa,9118743249,2/14/1994,Female
1176,eadg,wrrx,ahrvia,3544725422,4/26/1952,Male
1177,cnrv,hvim,bbipdi,5379026976,8/9/1968,Female
1178,cvgk,pncj,sqrsib,2607081770,11/30/1985,Male
1179,xzpq,lpye,qmwimb,4841183850,11/28/1917,Female
1180,isfq,qfio,yhgwhr,4091135783,2/15/1908,Other
1181,yhzl,zmwo,yblwkg,5528011815,6/8/1929,Female
1182,wwar,jzys,wsomgz,4453877113,3/9/1951,Female
1183,dinw,yhwx,rbdjxt,5542309706,2/19/1943,Other
1184,sacu,qcci,dhppnx,4777994975,10/11/1944,Male
1185,ftxd,aunl,rgymmq,1823487603,1/15/1999,Female
1186,egxn,qqet,boyeuj,5768111700,9/4/1959,Male
1187,muih,myvp,nobnqv,2918146068,8/26/1970,Other
1188,riju,jebc,ggeeov,3221001645,2/3/1904,Male
1189,qqpl,ncxp,fknsdy,3657080614,4/8/1985,Other
1190,jtac,qfsy,ccxepw,7245889853,10/24/1905,Female
1191,xuaz,ggas,maoxoo,6703096470,12/5/1909,Other
1192,eyoc,rimq,nclrzy,9709349325,10/8/1999,Female
1193,cbtz,eltc,thgznm,2188880494,6/3/1974,Male
1194,kuwa,rkis,xrddgi,2578186663,6/26/1922,Female
1195,mjqk,yjyn,rcnkcc,508174271,5/16/1941,Other
1196,xlal,ofht,grwdhn,7728492731,9/16/1961,Male
1197,cghe,ghgz,vsgekm,3850367859,7/6/1969,Female
1198,maux,gdmf,idcygb,3968522150,1/23/1987,Female
1199,enqj,oesl,dlshda,657225049,4/11/1937,Female
1200,jjuo,zemv,fbdznk,4207313818,3/1/1907,Other
1201,avui,plka,dmoqyo,389289568,9/16/1964,Male
1202,wcrx,pzck,yqbvwh,8014125397,11/16/1951,Male
1203,lcyn,psdw,duuxil,8722539788,6/29/1968,Other
1204,ndyv,ddld,metond,5680955369,8/28/1990,Female
1205,mndy,ricd,ofkhfw,716108101,1/15/1940,Other
1206,wdfx,dzji,tedhuf,7628976185,11/10/1999,Male
1207,wvno,kbsq,xqikpz,1577943358,11/29/1980,Female
1208,rftm,zzps,wgekvr,8204367058,8/19/1920,Female
1209,nmrz,ohgw,cprqcw,8397280100,1/18/1972,Other
1210,lgxa,aszi,lwnqvy,8956218022,6/7/1918,Female
1211,pswv,bnuu,bxnkys,1107323666,7/11/1990,Male
1212,tfuf,egea,sbissf,1970941374,12/25/1995,Male
1213,plme,ofoz,jsxfgv,3529642007,6/8/1989,Female
1214,vhru,tmqj,oigixt,8362449462,5/24/1909,Male
1215,kexh,vncc,jjtuep,2293550590,4/24/1969,Male
1216,asyh,cddr,vnksak,7358069189,10/4/1981,Female
1217,flim,acpl,sswyfk,8943910854,4/1/1954,Male
1218,vmgu,znww,rpgqvh,4380991611,9/25/1969,Female
1219,lhno,ycvc,zduxxs,5207311523,8/11/1993,Female
1220,hoay,kdpo,wasfha,5246921822,6/7/1900,Female
1221,qbmr,tpcs,lirtug,3542898574,11/4/1942,Female
1222,qdjz,sset,trowpz,8530186111,11/1/1933,Female
1223,jvad,ejlq,gaqddf,6440263633,5/9/1934,Other
1224,qxsw,fips,uhpyul,5745088355,12/2/1956,Female
1225,zlfu,qcow,bjfysw,4767533203,12/2/1977,Male
1226,xmkr,ghsm,cdydjt,2986198674,7/17/1948,Other
1227,slcf,ygcl,msqkxc,1986051530,7/22/1946,Female
1228,jewr,guak,clrnia,6168934330,2/24/1929,Female
1229,omlu,fagi,gtmpif,8379754193,12/20/1972,Female
1230,qcbp,cbeh,aecmnd,2909533954,4/15/1902,Other
1231,jkgg,ouqd,grhsit,3129799475,11/30/1993,Male
1232,nvtd,pwcx,yiqsso,954304672,2/3/1952,Male
1233,bele,ebxm,fmruia,9962471933,4/16/1902,Female
1234,lwlf,qipc,ohbfkh,9793061934,4/30/1952,Other
1235,ulgj,ebew,oxdxmf,2642531459,6/3/1918,Male
1236,kxck,xwmt,gbrcpm,6525384131,9/26/1934,Female
1237,rloo,kpwr,sphsnb,3733874883,1/20/1904,Other
1238,tesa,xabp,cvydmy,6104545902,1/26/1985,Male
1239,wyta,grhb,bxbyak,8018224806,3/2/1922,Male
1240,crvf,gwkc,melqwh,5089385125,10/18/1957,Male
1241,bqji,ywif,aurtju,7643585467,11/7/1981,Male
1242,fpon,imos,stdxpw,2654013015,5/16/1976,Male
1243,qjyp,iibh,trwplr,543361950,7/10/1997,Female
1244,ymvq,tbck,ogtmjk,8818599630,3/13/1932,Other
1245,btew,qocn,hgfojo,5105726286,3/22/1920,Male
1246,piuv,zjjd,hjxrqr,9239342199,10/14/1928,Other
1247,ljlw,xqoy,jyacbl,3169162524,6/21/1920,Female
1248,bhuc,nkib,emxcwm,7916374574,8/4/1929,Female
1249,sfcx,tjio,bhkhja,9906626900,7/7/1960,Female
1250,isqj,fegi,hnvoka,1017823101,8/9/1909,Male
1251,itln,zrig,nwfkhg,6129852595,10/8/1946,Male
1252,iliw,wvxc,ibmjvj,8351816111,9/14/1912,Male
1253,rqph,merl,ltgtyb,3234799276,11/6/1990,Female
1254,jqqa,iclv,agujfr,8092291251,10/24/1992,Female
1255,slzs,ggeb,fyciwb,9776417560,2/4/1930,Female
1256,fwnm,kcqm,xfxkyq,491846113,8/16/1978,Female
1257,dlzx,owtd,mtsfgc,3029835092,9/2/1974,Female
1258,awwz,awgd,mpkzio,1341836134,1/28/1948,Other
1259,fjmw,dddd,iepiaf,2197877645,3/24/1920,Other
1260,odsa,pggr,odqhoo,44897022,6/20/1902,Male
1261,hhyi,yxqd,usuiev,5533536706,9/22/1962,Female
1262,gwcp,hhbk,gziugj,7952700422,9/28/1972,Male
1263,lyud,hnvt,nlnujb,6507287844,11/12/1960,Other
1264,yuyr,bntu,oyjuww,9866112952,9/2/1906,Other
1265,lgpc,aycc,iwkixf,6724672821,10/10/1953,Female
1266,hbvj,xgyh,cllaht,4649876256,10/1/1949,Female
1267,omrc,qzyy,tukhwm,1594373886,7/19/1953,Female
1268,rzcd,utwy,ictchf,9128423167,1/25/1926,Female
1269,uhdv,fkfs,jrbiwg,8081842917,7/15/1959,Other
1270,rkcl,swqs,mwbvzp,8972041060,7/17/1926,Female
1271,acaf,ukvd,hgbtyr,2224943914,11/24/1967,Female
1272,qlxp,migi,jnrugb,2755383664,8/14/1920,Other
1273,fxia,jgdd,upgldf,6585961232,1/2/1926,Other
1274,oyfw,lrbc,donjmy,1297347296,3/19/1913,Female
1275,uaee,nexb,itrxho,6209696292,2/15/1911,Other
1276,cugh,jtip,liqpzt,5363777917,4/13/1957,Other
1277,mefe,kcfc,cdqjaw,4626756683,10/1/1949,Other
1278,xpqe,nfqs,onbggc,6574880903,3/10/1986,Male
1279,xtph,slwr,nyxjfz,2555854038,5/26/1953,Male
1280,yfzl,ttiy,vusior,9057960703,5/14/1939,Other
1281,hgqc,kxzm,axhqtu,3900926190,8/23/1913,Other
1282,ndly,osre,wsxkgs,7094268270,5/22/1974,Female
1283,exmx,cmwk,lluvnh,5307724871,2/17/1969,Female
1284,muox,jugz,dpxkul,3147250338,1/23/1909,Other
1285,pywz,fmkt,ojfris,117345316,1/29/1985,Male
1286,wafp,jhek,rmnqzm,2458030074,12/28/1970,Female
1287,ghlu,mksn,dbiytb,5151193904,5/16/1926,Female
1288,yxzw,ezno,mtzxue,7937921849,11/12/1905,Male
1289,qkrl,kyxe,jftazg,254061446,8/17/1971,Male
1290,jifx,rsqe,typkey,4416789815,6/26/1966,Male
1291,vbyl,mkhs,rlimtj,7378621027,5/9/1951,Male
1292,eiwr,olep,diwtuw,7998080168,2/28/1947,Female
1293,nyjf,qytn,lecxqj,7118806561,7/27/1934,Male
1294,vopn,bcmi,nqvswv,5619812245,5/7/1958,Male
1295,fyss,idru,uibbka,7060217996,7/3/1945,Other
1296,rfaa,llzs,tgnael,7074495782,12/20/1956,Male
1297,kbjm,otat,dlekpw,2203679608,5/10/1943,Female
1298,xlor,iwqu,bzcrzv,7306616989,6/3/1934,Male
1299,vqyh,hyvr,gpufgj,3252795082,7/7/1982,Other
1300,rlwp,lbdv,wjqdmy,8360673958,1/23/1921,Female
1301,spqz,xawm,zmikrl,3492970151,10/9/1990,Other
1302,gfyf,mjkq,nluind,7183885287,3/27/1938,Other
1303,ezys,hdyp,ozzavy,4088038014,5/14/1939,Other
1304,sele,zxdg,rdxtwa,8886652932,4/10/1961,Female
1305,hayh,zbgk,rejwez,831585271,3/27/1920,Other
1306,wcyd,vdeo,oltrrj,3940996223,7/13/1985,Female
1307,yizm,qqdl,zkaeeu,9672408511,1/6/1999,Other
1308,ybdn,rbxw,rknqzh,673058902,7/14/1973,Male
1309,xsum,kpym,xcvunh,3361993463,12/13/1991,Other
1310,oshw,ruie,yyxvhu,1839755655,3/12/1970,Male
1311,kvty,bhdp,lxyvam,1035660234,11/20/1982,Female
1312,iipn,bbli,rplanl,9756986150,12/9/1927,Female
1313,wpfk,xtyy,mwrixb,5588402433,1/15/1986,Other
1314,pzzz,qoqc,toxslp,134094509,6/23/1971,Male
1315,nuis,gwic,pbdnsc,3295119952,10/5/1985,Male
1316,tsup,nlas,ubaqfm,7428967735,1/6/1902,Other
1317,dwfl,uoat,uzuqhc,6406373086,3/30/1920,Other
1318,iymq,nnss,tzxjzd,4112715518,12/17/1919,Female
1319,twas,whku,oimepj,5877118627,5/10/1988,Other
1320,umpn,knqk,tswojh,8059779561,12/27/1991,Other
1321,ssiw,hvvf,rngflr,9838220237,6/13/1991,Male
1322,faup,oqit,atmvpm,1536284653,10/16/1972,Male
1323,ksct,leei,weuvkw,4584457457,2/20/1999,Male
1324,ahnz,qbxm,ohqlin,9971626163,1/28/1977,Other
1325,aspy,gvok,pkocvx,8802327622,11/23/1993,Other
1326,yrcu,xotk,xgfgpu,6871703121,1/12/1955,Female
1327,bgki,itsd,gtrhll,2980112825,12/2/1933,Other
1328,yrvy,esmn,qfwped,1472133803,10/24/1989,Male
1329,qwfn,kecq,jgvpkf,6412510606,9/27/1991,Other
1330,ebgs,rkmv,huefiq,294842329,7/5/1997,Other
1331,hync,iczp,kuhjoa,7551221090,4/8/1978,Female
1332,aoln,ikqs,cfyann,9730486133,11/15/1925,Other
1333,iloh,yhvd,qsasev,5586983836,10/17/1904,Male
1334,yitv,crdk,yevuwz,7026373569,5/5/1941,Male
1335,twfi,svqi,reanoe,6779603768,4/8/1920,Female
1336,xgdl,uadb,bxvfio,9541671023,12/27/1901,Other
1337,abuo,amfm,yhvtgq,7416878402,9/18/1923,Other
1338,fdsv,lkji,jrwnvx,7566002099,12/8/1908,Male
1339,crlp,qamp,ihxklu,5391256234,6/15/1912,Male
1340,vbas,cwbz,keouvn,1301602887,3/23/1947,Other
1341,zhxh,lxsv,gajgaf,271247904,9/13/1988,Other
1342,frvj,nasb,xtpoxj,2386985227,10/3/1982,Male
1343,ient,fcol,tbtpdu,7185088363,5/21/1987,Female
1344,vzbk,safh,vbhuew,8733742414,7/19/1984,Male
1345,byvg,pqsg,rhvkca,7020531547,12/4/1967,Male
1346,ekht,rknz,bhxols,7365217220,10/5/1978,Male
1347,rvxv,ijby,mmtzox,1157613148,3/2/1991,Male
1348,yyax,rdes,kttznl,2992432663,8/18/1971,Other
1349,xdyl,qzfm,wxpsio,7821658487,1/30/1922,Female
1350,qzth,qscr,jivtmf,5283599895,1/16/1969,Male
1351,qvxu,rtkk,ehdoce,3100176716,9/30/1970,Female
1352,mlzw,ovoo,nbuuza,2311641284,7/7/1957,Female
1353,zdww,atwa,wxmxzs,884632541,12/28/1932,Other
1354,ycrn,pjgk,ibrnis,348583944,3/10/1969,Male
1355,xasb,uclg,iajnqq,6926295167,12/17/1970,Female
1356,jpik,onaw,vczncr,7847430319,7/15/1937,Male
1357,xxtp,gonh,lmnhxf,105292792,8/13/1909,Other
1358,dipu,jxrm,tkaeik,8273700652,7/20/1945,Male
1359,efvo,ptzt,jecebh,6310723281,12/6/1952,Male
1360,eguy,khtn,sekvgm,5056306733,6/13/1961,Other
1361,ndjg,biqy,lczfab,3737143377,5/5/1998,Male
1362,zfok,yprr,xildkt,9603623859,4/17/1916,Male
1363,wfsi,natd,fknzws,2298755340,1/10/1956,Other
1364,nicz,dqsi,uszcco,5774895813,10/1/1974,Other
1365,rzai,eccg,uxmizj,3145597996,11/14/1932,Female
1366,nmbd,htmt,nsdiot,6825116417,6/25/1907,Female
1367,vldl,yaxh,vaeqvw,7168868608,3/27/1961,Female
1368,joui,wmwk,rcclni,595062910,4/21/1988,Female
1369,soex,dqsz,msodws,5435887667,8/27/1947,Male
1370,evhs,xjhg,rozfvg,788354510,2/21/1966,Other
1371,fdsk,jgdl,vvnrkb,2803343662,4/6/1935,Female
1372,lmhg,mtns,aseuej,6626442395,1/11/1914,Female
1373,xpov,jqag,cuidca,1651816102,7/29/1995,Other
1374,fxzz,cavv,yytxco,2448198318,8/7/1970,Female
1375,dgoi,gpob,fvbkyo,4457040468,10/24/1969,Male
1376,nrth,cgpq,wdugqh,3477899030,6/9/1945,Female
1377,oyes,dksc,mfbwjp,1348582480,3/14/1947,Other
1378,eaxs,rgrv,xepewy,6847213330,10/23/1976,Female
1379,zchz,ogwf,zspvfc,4983474248,8/25/1930,Other
1380,nrkw,roni,dlqkdo,1184397403,7/1/1996,Other
1381,dqhk,jstu,bczevd,5838602396,3/13/1967,Female
1382,xtyy,rkrm,tnjcwk,8794106048,8/22/1915,Other
1383,jzmk,ozga,msqfmb,2597792929,11/10/1938,Female
1384,owhw,tytc,cyfvjb,9476118752,8/17/1991,Female
1385,utmn,wbyh,jjpqhr,632694634,8/8/1927,Female
1386,agov,zgsd,cplbyk,5413968085,9/14/1938,Other
1387,izxc,nmuv,lyilyi,5442908776,6/27/1992,Other
1388,becq,gnwk,hzegpt,6308121397,11/15/1947,Other
1389,xloi,cqmu,timbns,7384237427,9/28/1944,Male
1390,zetq,xwtp,ixcdqm,3379101288,11/13/1960,Other
1391,bsgg,odxw,yfckyq,2302909215,1/1/1994,Female
1392,izsp,esiv,ukcvxm,2453566647,8/2/1985,Female
1393,xecp,htox,udqkge,2941931537,2/27/1964,Female
1394,coow,maux,uxzdjt,5123674406,11/27/1972,Other
1395,qful,isdb,yjiqxb,3506175537,11/16/1938,Male
1396,homl,wamt,zndzau,1096800693,1/2/1964,Male
1397,zwki,ccok,nwjygy,1900578211,2/9/1943,Female
1398,qlfk,fiez,nzkmrk,2545412627,6/17/1986,Other
1399,okmf,iyep,gmxnuq,4389411613,9/1/1905,Male
1400,djyy,unnx,lcoyrz,9846197654,9/1/1957,Male
1401,rqsp,slir,cysuwu,1081992426,4/30/1906,Female
1402,vocm,qgqv,yvbwhq,5179920967,2/22/1974,Male
1403,hqvw,jwqw,xetcgm,1477190576,6/11/1977,Female
1404,iooc,wwrj,mvbqkq,6950097684,3/15/1990,Other
1405,bcxi,ksvt,vvkkjm,641807471,12/21/1942,Other
1406,txub,vwqe,alkbgk,1492408354,4/29/1997,Other
1407,eglo,ynac,kpbclp,109633597,6/22/1976,Female
1408,khdb,jbnx,bcroxr,1132257077,2/5/1943,Male
1409,dcxx,zain,gfazmw,1354536583,8/1/1933,Other
1410,jtpf,nupb,cjlrxx,3533037266,8/7/1907,Other
1411,gaua,uqww,ektaxp,3596102531,10/29/1987,Female
1412,kyih,zirq,pvavms,9885111873,2/7/1916,Female
1413,kpfk,ivmm,kvmcsd,4110295450,8/21/1974,Other
1414,ruod,hprl,kfgrbl,2019544660,6/13/1943,Other
1415,soro,tzjb,qcvlea,5034295424,11/14/1935,Other
1416,okki,cxda,odxzaz,9347524383,1/2/1931,Other
1417,xazi,aznv,ociylb,4391282262,8/7/1997,Male
1418,rrwf,uyjh,oloxfv,7998765836,7/10/1973,Other
1419,bbnx,qymn,bwexvn,3947594387,11/2/1968,Male
1420,gmbj,vxeh,ffunbf,3826635175,8/20/1935,Male
1421,otkr,hxeh,facokf,1476170858,2/1/1912,Male
1422,nmvu,wanb,equqyu,8277449334,7/8/1987,Female
1423,rfet,uwnf,mqwoeu,3272413248,1/17/1941,Other
1424,rsva,wame,vazfhb,3791104593,9/18/1972,Female
1425,ojii,zyua,fcbqwd,2841000476,9/14/1971,Other
1426,himv,eodc,bdfxfj,9074105214,4/23/1912,Male
1427,btpf,cgqt,fjdijj,9950992908,2/15/1908,Female
1428,plqk,pnal,elxhre,4418905871,12/15/1926,Male
1429,tnrp,uocl,rnxkcp,2815439708,8/14/1979,Female
1430,gtfi,zkwc,zvwrba,5904368741,1/15/1990,Other
1431,qtry,fddu,ybkrwg,3358858786,6/11/1935,Male
1432,fish,kuge,imypld,2116223344,5/28/1967,Female
1433,rrvf,vebj,eonfiz,7086718440,12/14/1936,Female
1434,uvzr,lwli,eaxjoj,5213607333,12/29/1982,Female
1435,aorg,wkcs,lrmnwj,7963709937,7/5/1947,Other
1436,egha,ialy,byfogr,8755223788,12/22/1933,Male
1437,sgqw,qanp,gyzyvu,7916361052,8/19/1976,Female
1438,fddt,vwgp,njqwnc,6719437040,5/24/1902,Male
1439,rqhf,hsxn,lyacko,2185411205,8/26/1924,Male
1440,wpmh,ectd,jgiaco,6248912116,7/21/1968,Other
1441,sshj,sbyn,oihxgy,9747062602,10/12/1985,Female
1442,xjta,dtlm,nvbztl,5873299798,11/30/1980,Male
1443,qcoj,psbn,fkwpzv,9895528443,11/19/1957,Female
1444,ndtl,vmxm,csaxrz,7194711204,1/12/1906,Male
1445,hdbe,tzyh,ncfevo,5841391372,1/29/1921,Male
1446,uhar,lmia,ibezic,3743986210,8/15/1933,Other
1447,bbmq,gzcb,ssudnr,4957216025,11/18/1992,Male
1448,fisu,flwy,jhcfks,2303764271,1/9/1936,Other
1449,blic,rcvw,katjat,6233928267,8/19/1946,Other
1450,vjfy,ecql,nueqmq,5003001671,4/17/1993,Male
1451,hgnl,visk,tzpcri,4004571998,3/24/1958,Female
1452,cagl,aktr,zsantw,6371405002,11/6/1971,Male
1453,rdrg,vfly,cratdx,6454678499,11/15/1990,Female
1454,yllx,nayk,zukibf,1828856176,1/5/1984,Male
1455,blfj,tcif,gznabh,9252060370,12/20/1968,Female
1456,lvos,iisa,owogex,4674616716,7/11/1946,Other
1457,kzcq,jxqm,dbrwxg,5722427015,3/15/1976,Male
1458,nwlz,ddli,sjnsbt,6124126722,9/9/1936,Female
1459,mepp,zzjb,ntziwn,7280196087,2/3/1976,Male
1460,eusr,lzbw,thtnsn,8359430567,10/19/1954,Female
1461,wxtj,vhso,qkewzk,9543745114,11/25/1953,Female
1462,zopi,csdg,ewzyio,314272991,12/5/1982,Female
1463,vnsd,qxwz,jlwssi,2771665247,11/17/1989,Male
1464,jrcf,jivr,nihzxd,7373986028,4/18/1947,Female
1465,fsbf,thly,jelyau,7191085680,6/24/1926,Female
1466,rxti,evvk,dbsexi,2541375171,11/13/1901,Other
1467,mhpg,nqtj,vqsmos,7495201899,11/2/1979,Female
1468,penr,cyvv,evzlif,8639596539,9/13/1942,Female
1469,lnkf,yziu,ejgizm,4339355989,4/20/1915,Male
1470,doda,wzft,mwmbzn,4813113155,2/9/1982,Female
1471,mlwm,jxyx,uvdlmp,7078164475,8/19/1999,Other
1472,ruuu,eocq,uqpsbc,2378552746,3/8/1944,Male
1473,bskl,vxoh,etkoek,924455246,8/26/1996,Female
1474,iyus,gekr,ujgzqh,6241268169,11/11/1922,Other
1475,vvbh,puzq,tjjkkx,7805720457,8/5/1952,Male
1476,rnls,xeei,uaiqyh,144279192,4/19/1941,Male
1477,rrgl,dlwy,bfokoi,6799936253,2/25/1941,Other
1478,jgcw,znuo,snjofa,3281365393,4/30/1969,Female
1479,ceca,sahc,cbmeob,4148347232,5/15/1907,Female
1480,jgqi,vazt,trvlea,5955260590,6/16/1904,Male
1481,shck,lfkf,ktwweh,3348187573,7/27/1988,Other
1482,yusx,fzyw,zrgusl,8352119731,10/9/1941,Male
1483,iybu,vjou,ebfnyo,6143774866,12/17/1918,Female
1484,goqc,nmxu,ausopq,7182573282,2/15/1915,Male
1485,uawc,ytzo,pzmbnp,625200999,1/11/1911,Other
1486,ysfb,uiay,ieodke,5731688436,8/27/1965,Male
1487,vyhv,mlzo,gjeavl,115069493,9/29/1953,Male
1488,ytfm,xari,cpkmgy,2412606168,4/30/1954,Other
1489,hjyy,mxgo,vhglej,3562207056,4/21/1944,Male
1490,urgz,kbhe,oiauyh,6120437856,8/14/1945,Male
1491,txfe,gfbs,luqqfv,1942172757,8/9/1990,Female
1492,lnbm,mjhf,xftvsu,5911731848,4/3/1987,Female
1493,iczb,oogu,ctmoss,4562982950,5/11/1903,Female
1494,kfcw,jwdw,mmyzfd,7571082174,2/2/1971,Female
1495,prgf,opeb,bbtyld,6282961213,6/8/1902,Other
1496,hdhn,khfc,hkxwdu,3272539936,12/5/1989,Other
1497,zgac,lood,cglqvu,2918634140,7/6/1924,Other
1498,gpxf,cbuq,elimka,1891980205,1/3/1942,Female
1499,bdob,jzic,mvqatw,4683763905,1/12/1972,Male
1500,zdyk,nvvm,fzcnnf,6836227012,4/16/1970,Male
1501,gaom,jckg,ualweg,9691541554,10/22/1942,Other
1502,eggp,kzzp,wjtrjb,6607315161,3/20/1979,Other
1503,rhtz,whgf,uoprrj,5009662720,8/29/1914,Other
1504,eerj,pxrm,xvglai,8384816175,4/6/1983,Female
1505,fyyz,lmrt,jtxlrj,9121134627,7/17/1988,Male
1506,ctkx,jqry,azykuz,217374386,10/12/1993,Male
1507,afxh,haau,upviih,7562122253,5/7/1991,Female
1508,iscy,cykh,jmnezu,4500993029,1/21/1996,Male
1509,smzx,iccv,hnfeaf,9212222861,9/5/1942,Other
1510,xvqn,zdku,evddzx,5117086878,2/2/1939,Female
1511,klji,ajxk,smmzuq,330538925,2/19/1926,Male
1512,zvgv,jztk,yazyjw,7800947853,1/11/1966,Other
1513,grgv,jdth,wadgcm,2415193036,8/20/1954,Female
1514,ecdw,ufrk,kthhjw,2388285594,6/14/1921,Female
1515,hleu,mvme,ytobww,392018984,8/6/1988,Male
1516,lcsc,fzqx,czappv,7739067602,9/30/1925,Male
1517,ydep,utqc,oqguwq,750920310,7/16/1983,Male
1518,wouh,rovj,sxxvzm,6259495932,9/18/1959,Other
1519,ffiz,rfqa,xpxuvr,9897651418,5/13/1911,Male
1520,eptn,txab,coffuv,2909752212,12/15/1944,Other
1521,wjsv,exuj,yslifv,3425063223,9/18/1915,Male
1522,qpcs,tqzg,ikxrmd,6869712417,12/14/1993,Other
1523,rwne,pryx,fcymzj,1823443122,11/1/1966,Other
1524,bsij,qflv,pbcjax,6401530276,10/21/1947,Male
1525,hsek,vzbt,mtlnqo,8619788973,4/30/1954,Female
1526,wndj,fwlu,iaqqrk,3605476441,10/26/1980,Female
1527,zqom,wbnj,ocixbw,1786251118,1/30/1902,Female
1528,xmlg,jhnu,yviqan,1422610118,9/6/1990,Male
1529,hnox,fvzf,glnncy,584631114,8/17/1994,Male
1530,ebif,tgrs,uuhwua,8416709010,4/20/1988,Female
1531,ynvz,sudg,girurh,1592693810,1/9/1944,Male
1532,supi,ysqq,nfbpbh,6497560268,3/10/1998,Other
1533,syyj,ipfd,gklkmz,4541527129,12/29/1965,Female
1534,ditj,knmn,xkvdsu,7311831023,6/25/1969,Male
1535,xahc,pcfr,jpqsrg,7471723280,3/20/1991,Other
1536,yteu,qcux,oozdrp,329244391,11/22/1932,Male
1537,ysbd,sdgu,xjaqpv,3008061461,5/29/1912,Other
1538,jkzs,dzxl,sqaeio,2203923475,12/29/1937,Male
1539,kyks,hzgp,cbzlau,8021336473,8/28/1930,Female
1540,szce,szus,chieyp,5049657783,6/11/1951,Male
1541,sywh,xwvx,fylqlq,4252654911,1/22/1976,Female
1542,hucb,uijc,guyvdd,9642824789,7/24/1940,Other
1543,lral,wyxq,jekibw,5590865948,1/22/1924,Other
1544,sjrz,lzrl,fmtcub,692960575,11/6/1947,Male
1545,gqzu,xzer,tofpqd,3714925735,1/3/1950,Other
1546,xxez,hkjl,ecgxki,8798623956,6/6/1916,Male
1547,bakq,bwxx,vhkbyf,2078422295,2/9/1931,Male
1548,tfha,orml,zukvun,7811242584,9/22/1916,Female
1549,tqvv,bpce,nrhjos,5086863156,9/4/1941,Male
1550,blgx,yiqj,vtsxzv,9543209580,12/20/1942,Male
1551,pjyc,dljs,jhijwa,3708834976,8/22/1953,Other
1552,yuoc,tyjg,ivdcgl,8453020492,8/8/1910,Male
1553,wyew,uubo,cdvfzc,561166113,11/15/1923,Male
1554,ldim,bvof,ffzbbm,2190028535,11/2/1914,Other
1555,sjjc,wdpb,nyzsts,4036489683,11/27/1948,Male
1556,tnzk,cyfa,dacibn,3574820171,2/9/1988,Male
1557,zipb,xrgc,hzhdxl,9642132484,5/30/1983,Other
1558,qrhc,ltgq,mppsjc,7925864413,4/1/1951,Female
1559,kupi,cedi,qxswzh,1911117165,11/11/1916,Other
1560,xewx,ukiv,xgzmmt,5552549306,2/17/1963,Male
1561,rkjx,hwhc,owoyur,6716796317,5/18/1968,Male
1562,zlvh,pptu,fysrca,9295559260,7/26/1946,Other
1563,cfyo,ezze,ljnjra,3638764807,4/8/1959,Male
1564,ctov,gshn,kvgdgq,4485287120,9/26/1946,Female
1565,chue,ruup,fbpgpa,6522128046,1/18/1941,Other
1566,bhzy,gnjv,lgmohu,4843401785,11/25/1913,Female
1567,wvef,abco,apypty,5037058908,3/26/1925,Male
1568,knqw,knfo,pwywtt,1103199057,4/6/1900,Female
1569,ocyg,ldhe,uiopih,6823002057,1/5/1962,Female
1570,xbrb,dche,idfaua,2753901326,4/19/1953,Male
1571,byfz,qxyd,ntlecn,6884635726,7/18/1942,Other
1572,jfkt,tmdy,fmmyou,3329467847,3/15/1943,Male
1573,eodk,xatt,vivhsb,1786629360,2/5/1920,Male
1574,xrrt,rglc,dmdwek,1230441843,11/26/1955,Other
1575,osrn,jqnm,ivbbcb,1027718144,4/20/1940,Other
1576,pici,hrao,oiisrh,8048948024,2/8/1900,Female
1577,hjnw,omic,oknhxn,6343502071,9/17/1952,Other
1578,lfrg,vybu,popthl,8264966351,1/14/1970,Female
1579,boxk,frlf,svmxdr,1115300695,9/16/1935,Male
1580,sgdr,mppu,vzhrar,5901617610,9/29/1921,Other
1581,hfii,pchz,bmuffj,2894238789,3/11/1900,Female
1582,axpp,cayz,bmxjsh,2893280491,6/16/1936,Other
1583,wpsp,umix,hyhsif,2608523442,10/9/1975,Other
1584,baqh,puwl,tbefwh,7414871697,4/24/1961,Female
1585,mpkm,knir,dhqoyv,46385771,4/1/1997,Female
1586,tfez,aztj,ufhnsb,3655865814,9/23/1967,Male
1587,ehrm,gxzo,lzrvzx,9606185047,7/14/1984,Other
1588,mwlk,komq,sdearo,5227273148,2/28/1910,Female
1589,usas,zcka,pbhdjl,295835373,3/24/1931,Male
1590,prqc,qxwt,tqyaat,5878221887,11/15/1986,Male
1591,yydv,vovf,wsvbbb,939475950,1/23/1946,Other
1592,toxy,jzyg,jlxqvz,5633989948,5/18/1962,Female
1593,nvlw,rdyo,glqbzz,5700827538,9/11/1998,Other
1594,feck,mhcy,elfjpq,8579131426,6/13/1927,Male
1595,jlwh,yydq,dzasfb,5976675026,12/17/1901,Other
1596,sqbv,ybyi,zymxzx,3567276273,9/21/1991,Male
1597,ysmj,wlja,orvjum,3110230964,8/21/1932,Male
1598,tmrl,qyub,lgnrit,8544772635,12/15/1960,Male
1599,ouqx,amsr,edpgtz,5313716638,12/9/1903,Other
1600,qxqw,qxkc,mzswuf,6743797387,5/29/1969,Female
1601,mzqn,leht,ryzfyr,9140363326,9/1/1900,Male
1602,paos,gkbz,rtvusq,6480160104,8/10/1957,Other
1603,vbjr,mkdp,awoboo,8441148672,6/29/1910,Other
1604,ubua,pfyw,cebjym,8367175856,9/19/1940,Female
1605,imbe,vuvk,deplly,2295134529,4/3/1910,Male
1606,uvmy,gqqh,rbudlg,6117426672,8/16/1924,Male
1607,acks,tyhp,xzphnk,5555508826,4/7/1943,Male
1608,hqnc,sfvv,pofutt,2232113020,9/14/1938,Other
1609,dmas,pkzm,tcxbun,1173031026,2/12/1968,Male
1610,mfaq,fvyo,wghxlv,2441941405,4/10/1933,Other
1611,ybvt,lbuy,gkmjit,4081314802,12/14/1979,Female
1612,mpxc,xtxf,sxpnso,1002518932,5/9/1927,Female
1613,niuh,jkbm,mmniej,7105146888,2/25/1981,Other
1614,wgjw,jtsg,pxtpap,9686296257,3/17/1996,Female
1615,wmre,rtga,wnluuy,2105972453,12/17/1992,Other
1616,hlzh,jaqx,xmpide,9501117996,9/21/1907,Female
1617,bzzz,kylz,edrrkt,7799698963,6/11/1906,Female
1618,oskv,ynpq,eizvig,1978377072,1/23/1910,Other
1619,nbfa,bhse,goztnp,6668234448,12/30/1913,Male
1620,rqxc,rkeg,nmxakw,4240801624,10/11/1965,Male
1621,inkn,tqtv,evqizy,4258384927,4/29/1910,Other
1622,yjoq,xkhd,lpbuai,1563836939,9/29/1913,Female
1623,pagn,ivvw,paqxlw,1807144552,6/17/1967,Other
1624,onpj,asyf,iqkuca,6877368464,9/9/1924,Male
1625,jiaq,wqzj,klafrf,4357543330,11/24/1980,Male
1626,tcjg,izhy,btsytt,5003072708,5/21/1959,Female
1627,unfk,tyha,zihozx,9821375710,3/22/1917,Female
1628,zbhv,hxjr,xcfecd,320190647,8/5/1938,Female
1629,kokq,laut,uumkpj,2037782569,8/22/1969,Male
1630,hggo,kqnw,wqzzsj,7372234641,9/7/1921,Female
1631,tzhy,pxfb,gvfciu,3456536973,4/26/1984,Female
1632,byyv,njxa,ciatwy,3581677615,6/13/1945,Other
1633,ooov,jpmq,srsaqh,5193409634,12/12/1950,Female
1634,wikt,rjem,gnhlwb,480626172,8/29/1909,Other
1635,vnbp,uqib,tqwwno,9949727462,8/13/1978,Male
1636,ndjv,vijl,otdpwu,7174510332,12/24/1968,Male
1637,rore,tbzt,dnutta,7419002632,1/16/1973,Other
1638,zydw,kmmq,kgpwqg,4801688253,4/13/1975,Female
1639,klos,enzy,aolvvg,5314157937,3/17/1945,Female
1640,cija,bhuh,ogdkhg,988069646,3/1/1954,Male
1641,shfi,rnpo,lnnkhv,5946571840,5/26/1932,Other
1642,ixfo,jdhh,gtvabb,7337808238,8/15/1999,Other
1643,tvut,rbip,infzxl,314889968,4/9/1990,Other
1644,blbu,qwve,yybfjg,9061584160,12/15/1970,Other
1645,gjwp,nkxd,mvzpam,5750257350,12/2/1996,Male
1646,oarz,gojw,wbmmwp,2581528939,11/17/1908,Other
1647,czml,ujxu,ubyiyx,8087999660,12/8/1927,Male
1648,klou,zywt,tksngv,938836238,1/5/1914,Other
1649,xyia,xgxe,szoepv,9788774938,1/2/1947,Female
1650,dxvh,dvfu,ikkyhd,2331800829,12/22/1968,Other
1651,skvk,zbog,xdmjai,5970083865,5/6/1906,Female
1652,zogl,bofl,wqjcvo,3464999760,4/5/1946,Other
1653,lzhh,vwin,yzeetu,1909392941,3/4/1997,Male
1654,tuzn,zipc,bbsbqc,5692025867,12/5/1978,Male
1655,izjc,kbol,qxzztt,1280673555,5/17/1991,Female
1656,wbez,qlcv,rvvboa,9060651219,6/30/1928,Female
1657,vxyf,wjbf,dfiaaw,5194977092,9/26/1926,Female
1658,wrig,vfss,negihx,8532309332,5/2/1959,Other
1659,nwtm,jtft,dcbzsd,2702963051,9/29/1947,Female
1660,opnh,voaw,bakjwb,2504253662,10/12/1922,Female
1661,boik,xkwd,eratei,666855510,6/25/1916,Other
1662,qdaf,rklu,emlvzs,2892571242,8/2/1934,Female
1663,dgta,wzza,peumjt,1586589833,10/6/1933,Male
1664,prhw,vgom,adlsdb,7914871784,11/12/1963,Male
1665,rwns,npqf,wedxbl,3188323437,4/2/1971,Other
1666,xblw,nsqu,qzuadc,7398275539,1/14/1909,Male
1667,eufx,gocc,ajuvlu,4670660080,11/4/1967,Male
1668,guxd,dysk,plzbij,4227233059,4/7/1939,Female
1669,paam,cjzg,kuzqht,3205574032,8/3/1986,Female
1670,htfn,rnoc,zveizt,1802070717,4/18/1946,Male
1671,wnbt,squk,vgemip,1586904493,9/11/1947,Female
1672,repg,idwy,rmyuhq,2323861398,12/24/1929,Female
1673,dxpc,upxv,foajsk,6247713972,10/7/1937,Other
1674,etag,ityp,sukvct,2213475563,3/16/1917,Female
1675,ypoi,tgdg,dozixd,862970954,12/5/1921,Male
1676,mmay,ictu,cnuogp,3863853531,5/18/1943,Other
1677,pgxo,jyyy,lzmdcq,9716902612,9/12/1977,Other
1678,wyjq,wzdl,rixgyk,66517948,4/11/1999,Male
1679,mtpc,fhtt,puobuw,5259731866,3/23/1993,Other
1680,rllz,aekz,jzfjan,8120273439,11/25/1980,Female
1681,uoqc,xjdb,trisjv,5668903028,10/8/1952,Male
1682,jsua,zlpt,utsyne,9771239131,12/26/1939,Female
1683,eqvg,vrre,qtsuep,9068602044,3/23/1938,Female
1684,iucx,uiar,nmgvkz,6775902388,1/25/1990,Male
1685,mypk,bxqc,twrfod,3994872369,11/14/1987,Female
1686,zkag,xjhz,javtla,8887014941,2/4/1930,Female
1687,xdef,astm,fkvzun,2711359859,11/14/1976,Female
1688,tjkm,cnre,xdpqnh,3330479692,8/20/1984,Male
1689,vsvq,sjch,dovuuw,4301746062,4/2/1969,Female
1690,agyz,vlqj,qlsptr,696258727,7/7/1977,Female
1691,iona,oimb,lohuva,6606353764,3/13/1961,Female
1692,cmre,nmjr,esrnuz,6045320405,6/20/1961,Male
1693,tlns,ivhr,trjtpe,1467609292,11/8/1904,Female
1694,mrye,dsgt,svhfbt,1824931400,6/16/1905,Other
1695,omfq,hmuf,ckcogz,7435678819,3/10/1948,Male
1696,jsxy,yslb,bykvdn,7724104747,12/22/1967,Male
1697,aigy,mgqh,yvmohc,25966370,2/13/1922,Male
1698,shcq,bsea,wgvmuz,4012276255,5/4/1924,Male
1699,fqmb,wtvq,fztsuz,6100032717,5/11/1925,Male
1700,fxtv,nxsd,rrsyqo,239123669,4/21/1904,Male
1701,pwdz,bxtj,syravb,4878097781,9/25/1983,Male
1702,gwnu,kszz,idvubo,2638487083,4/28/1926,Other
1703,khiv,uyrn,svwpyx,9784039620,3/7/1956,Male
1704,nvph,vkmo,jhdysv,6353024155,1/2/1937,Female
1705,ahcx,hvkf,hfntqr,887946467,7/16/1926,Other
1706,quax,fnsc,idebwv,6033434609,6/25/1958,Female
1707,gvia,ndmw,nutmee,7381727370,9/17/1972,Female
1708,gzub,chmh,rgddsh,9064740683,9/15/1945,Other
1709,ubns,falj,vnqcnq,3727662641,3/26/1930,Other
1710,jvoc,fjba,keakqi,4164735303,10/7/1914,Male
1711,wdon,txhs,ritvep,6214456799,2/8/1951,Other
1712,vzto,eozp,ieiosl,6524659901,7/3/1967,Female
1713,zaip,dlbu,upipao,9172990316,2/3/1942,Other
1714,vkxu,ovkb,pcqcff,5283051883,12/18/1974,Other
1715,acjf,djzj,nxzcnf,63808670,11/4/1906,Female
1716,xjks,dptk,baczmv,353775934,11/3/1956,Other
1717,cfyg,omdm,muhxcs,628425431,11/10/1985,Male
1718,ikzu,jzra,elnjjj,7092121094,10/30/1907,Other
1719,flqc,wtrt,ldihjw,9873618499,3/19/1939,Male
1720,qjti,jprx,hgzrzg,7286773811,6/21/1903,Other
1721,dvwq,rnjt,xnejjn,5523223393,1/24/1929,Other
1722,lmls,cvwo,mmwcqb,9481470896,2/5/1937,Male
1723,ncux,dwwz,vzkdem,9382068249,6/1/1937,Female
1724,psys,qnka,dqnnhb,3926156503,9/19/1909,Female
1725,qzye,hrhe,dgblur,7779745990,5/8/1987,Male
1726,jgnd,zjzq,lqntii,1649510469,9/30/1990,Female
1727,zrlq,tyeq,goxaav,5610439680,6/20/1910,Other
1728,rokz,tkzj,hjjnth,3928609265,4/8/1979,Other
1729,kilb,kqpx,uebwnt,4123432130,8/22/1930,Other
1730,quwg,wjxk,eyoqls,5399472585,7/9/1946,Female
1731,jfez,whfi,sckdrg,9762827358,7/29/1946,Female
1732,htne,cuom,hqcrfy,1055097027,10/28/1909,Male
1733,akhi,bbzc,smkhla,3274550100,9/12/1930,Female
1734,knmi,rrhq,klbdeb,6187629425,7/10/1969,Other
1735,rjkw,ojti,jcqjgr,3486232359,2/19/1944,Male
1736,ypmo,xnzf,nwdbad,9602083503,4/17/1988,Female
1737,npct,vggk,ysormc,8933025896,9/28/1936,Other
1738,xoab,dije,isnxaj,5195234224,1/29/1986,Female
1739,zexu,yckr,hiygpz,656382729,10/16/1998,Male
1740,kedp,sinz,fjgubn,438711226,2/2/1975,Female
1741,sson,jfmj,fumzvl,6558109704,7/11/1927,Other
1742,ajjp,isyw,lztkhn,1688944963,4/2/1982,Other
1743,fzrm,uoxt,qylrrs,9188649072,11/20/1908,Female
1744,akoj,vpwj,tlmmrp,4206252435,11/11/1924,Female
1745,tegn,zapf,yyuquz,6174800406,6/12/1973,Male
1746,dwms,emrn,mrcali,583415721,6/18/1926,Other
1747,puwy,vmti,shumrp,5645035502,5/23/1971,Male
1748,furq,wcnz,tuxmiq,8728386021,10/29/1968,Other
1749,kztf,bbey,nqnfub,2793187966,7/17/1989,Female
1750,dmgg,qvuc,lkpnqg,5700187046,2/9/1957,Female
1751,mksa,igvz,cnislo,1935973170,1/15/1922,Other
1752,wwde,gtwd,vzqtrv,8700251411,3/6/1938,Male
1753,gmfs,ttvl,nydoan,8201915469,10/17/1958,Female
1754,aldv,okhk,wzmrfy,1417056181,10/30/1956,Other
1755,cezb,haoz,cbocge,5415614836,5/23/1974,Other
1756,bzsu,eisb,rnljnv,6889833377,10/27/1958,Female
1757,lurp,auma,uodrns,2245385068,12/13/1917,Other
1758,esxg,hqjy,ytcmvq,6494583648,7/6/1998,Other
1759,binm,rwxk,jzetmv,8551560039,1/14/1900,Female
1760,eanz,nusm,vroksf,4136959056,1/7/1902,Female
1761,amtp,oioe,iazmar,5623353653,6/10/1920,Male
1762,rejp,jrnb,kjpxfn,7353872003,2/24/1923,Other
1763,mrms,mkjx,onyabc,2124532807,6/12/1997,Female
1764,pfyx,kapk,fijirm,2768961156,4/23/1970,Other
1765,rkdq,swdm,oluula,5233993853,8/14/1961,Male
1766,rzha,mxbh,fycasa,3921748561,12/9/1996,Female
1767,vinh,ylgj,mopmbo,3775810551,4/20/1957,Other
1768,qyji,vtmu,eliabc,4405097479,11/27/1906,Other
1769,drpf,lzls,ccxnea,7511242820,1/30/1914,Other
1770,uveo,fmxu,rnzsgp,452066526,12/26/1997,Female
1771,lslj,wtah,ngjazu,899832024,2/9/1960,Male
1772,xegm,enhe,wjldhv,9108769367,5/12/1907,Female
1773,ovcs,wuqe,qjghjl,1276525037,9/24/1998,Female
1774,rkmz,nubg,xhhlxa,4887137952,8/20/1958,Female
1775,mkfw,ihxb,inuxig,1736619267,12/29/1929,Female
1776,stnl,cbzw,shtvpz,3201514337,11/30/1928,Female
1777,pxub,wzxy,cscste,3646833220,2/2/1951,Other
1778,jrbi,dmtb,enxwix,3326218299,10/2/1972,Other
1779,zljc,snhg,jsnxlj,7608895975,5/4/1909,Female
1780,efcx,epru,jvivoy,7336342409,8/7/1970,Other
1781,osim,krgw,lvnrww,6150926196,10/4/1978,Female
1782,kjfo,hxvq,kpykqa,2318318996,6/26/1994,Male
1783,lsqh,jvty,eedvcc,4594201093,10/30/1934,Other
1784,atdl,ybla,qbctpz,7512825404,6/13/1984,Male
1785,thel,hpmn,cbzdfy,4868576997,12/17/1977,Other
1786,dbaz,lvnf,rfqwvv,431280436,5/28/1991,Other
1787,ypgy,kgdr,qwzrge,6774417011,1/16/1947,Male
1788,fhqt,oeiu,gnrdox,3202574256,9/5/1939,Female
1789,ghco,gmkq,huesbm,5002535374,8/16/1937,Female
1790,pjjc,xoqg,yulqux,5494575465,9/19/1976,Male
1791,jzsb,qqeg,eljvms,7229004993,3/6/1993,Female
1792,zyae,brvi,krbyed,3552204462,6/11/1961,Female
1793,gmvu,rjla,zuxhue,891854120,6/14/1941,Female
1794,carg,bggn,yxvvhw,1984257806,3/13/1930,Female
1795,lxxj,lewf,cslkgq,3271679121,2/24/1972,Female
1796,gidy,hioq,egegrp,7536273815,3/9/1956,Male
1797,ssua,yike,mllwuf,3342343756,8/17/1908,Female
1798,xbjp,hmbw,mawbpc,2808631865,8/22/1974,Male
1799,ztiv,caen,qafboi,4451727008,3/11/1943,Female
1800,zbzr,ymwa,dceaar,278682052,8/25/1903,Male
1801,tlaz,bsvd,dumqjp,8741007550,5/16/1967,Female
1802,rftf,nfnt,pcdwxd,2223430119,6/25/1988,Male
1803,atkg,gptc,eignay,8138167240,12/15/1961,Male
1804,hgnv,zffp,xzxfcn,8889106794,9/23/1945,Other
1805,xzhe,nunx,poolda,8518339949,4/5/1956,Other
1806,slyr,byun,urrxix,6822713223,5/29/1949,Other
1807,iolf,bark,yusaeg,931543129,10/8/1999,Male
1808,lroz,rexx,ygxzwg,2368366138,4/9/1908,Male
1809,xrjy,zjbm,zfoply,8513396981,10/19/1980,Female
1810,oqtc,tsaz,nlanfu,4230870374,8/15/1951,Other
1811,pype,qyjw,iflrvb,3667792463,9/7/1995,Female
1812,aulx,hvjr,czqneg,6709459048,2/17/1958,Male
1813,nfme,oxsx,pkmaph,8882358903,6/30/1963,Female
1814,qitq,sobe,wiswxv,810121175,1/6/1974,Other
1815,ibll,zbrf,nrnmup,1501940171,8/28/1955,Female
1816,xsrb,infa,ocgavz,5435142299,6/23/1933,Female
1817,wxtw,ayeq,abfhsh,8203133362,1/17/1990,Other
1818,xujb,nczf,lqmbiz,3659258540,7/28/1912,Male
1819,spaq,mwty,oczqfv,7664602610,7/13/1948,Male
1820,addy,vxhv,hmeeqb,3051167378,12/18/1927,Female
1821,qzca,uibh,tlqkbc,4174166849,8/18/1965,Male
1822,logc,zkma,ytnsfc,6953305294,9/30/1965,Male
1823,uvbm,aknf,gmjevg,7746300799,4/3/1953,Other
1824,mckn,bvwk,ftieiz,6708948518,10/27/1924,Male
1825,evmh,dxbz,mqcplq,287206698,9/9/1969,Female
1826,zzgx,zdkk,kojavo,6113875410,4/11/1994,Female
1827,whul,zrdg,gchspu,5814172468,11/7/1987,Other
1828,pnvf,tgbk,uakvjf,9674628702,7/3/1920,Other
1829,recj,cnyt,kfepet,1181382045,11/1/1978,Female
1830,vazo,mnfq,urpelx,5542780827,6/29/1990,Male
1831,xmvy,cful,qskyhi,9962574310,8/17/1974,Male
1832,xcqu,sygh,adniuh,3427691445,9/15/1989,Other
1833,ihxt,gqyk,dazbyc,621186031,3/1/1962,Male
1834,lqan,utmf,ewngny,1396247664,2/3/1961,Other
1835,hocz,oinb,qdttbv,6365040925,8/30/1963,Female
1836,wexh,kndc,dxnwqn,5192826576,6/19/1912,Male
1837,ggyx,rits,sftxvs,4480835356,11/13/1964,Other
1838,farh,epjd,xinpkc,3916136701,5/20/1999,Other
1839,vvsg,bbow,ivutcj,4073962960,9/12/1914,Male
1840,ixha,cuqk,mkxlbj,7812953776,1/9/1966,Other
1841,xsby,buct,gbaoxk,6091657417,6/13/1946,Male
1842,qusq,lfku,ixagdw,4109610569,2/12/1954,Male
1843,yhcz,jeti,yxbwma,2300278568,5/5/1920,Female
1844,vryb,ycab,kcjyfj,195736140,1/10/1995,Female
1845,zwfm,edsp,iwovdu,6064080597,6/16/1948,Other
1846,bsbb,bjem,dclwez,560023312,7/17/1998,Male
1847,qzhz,pcqu,vxoozy,7080389603,11/18/1982,Male
1848,tgbg,sknc,eoxkcx,8505884938,3/4/1951,Male
1849,cxtk,swvc,mkxwxq,6866384704,7/23/1937,Male
1850,vrqe,hyii,oyfcea,489565323,5/6/1922,Female
1851,jpqc,jmab,ewqubw,6819357423,8/10/1948,Female
1852,nyii,mmus,onhhaf,5267895117,2/14/1900,Male
1853,qayf,gvql,lwgpio,7228523417,5/1/1912,Male
1854,biit,ceri,agpgyj,6987043857,5/8/1984,Other
1855,pkrl,veus,mwrjqn,9419538918,5/1/1937,Other
1856,xuxm,pjjs,jntwog,5051146287,10/28/1991,Female
1857,pxzu,qvjj,cwmxcp,2748321829,3/29/1943,Female
1858,jvnr,gqcf,govszp,7108065768,6/2/1986,Male
1859,pvmy,xkoj,oqfgps,7374657728,11/10/1958,Male
1860,blsf,hcno,dabntx,6007823519,11/19/1972,Other
1861,bpbf,xbqf,akujzd,884053850,7/25/1906,Female
1862,biiz,dteh,utzmyc,9475441469,10/22/1974,Female
1863,dlkz,sskh,tuumtd,9138067539,6/25/1967,Female
1864,xtlp,rzjv,nglduj,2936881578,11/10/1916,Female
1865,supy,hiuw,radzxo,4198817613,1/15/1929,Female
1866,vuiu,srmd,sljofq,1953768662,1/26/1978,Other
1867,fkcc,uogq,wxtetd,1077527895,6/22/1940,Female
1868,owmm,miid,rllzyy,9217049525,9/19/1935,Female
1869,enla,kokm,wnpsni,9383566308,11/30/1904,Other
1870,nrjp,poil,uywwpn,8254719334,8/10/1971,Male
1871,jyzm,ovvz,jyclvu,1202114946,7/18/1912,Female
1872,dcgg,wnkb,afqieh,1616015743,12/18/1960,Male
1873,havt,hbul,slymnb,787985827,4/20/1940,Other
1874,xqih,rjed,xsnaok,1394974868,8/9/1951,Male
1875,frlr,sqbj,yuojkp,5233114651,1/3/1932,Male
1876,aqlr,zdeh,xhxwmz,9144774027,1/29/1979,Male
1877,ofrk,bqrb,esouvb,9558696142,10/15/1966,Male
1878,zatt,efxe,nddjqg,6556521836,3/27/1959,Other
1879,jnwj,rfwu,lklygj,4679254604,9/25/1928,Other
1880,rzen,xpyy,tkkfyk,5512910932,9/3/1932,Female
1881,vtpw,hsoh,lpxidi,5464933985,7/21/1907,Other
1882,kzjj,vuun,uchmvi,3407476194,5/19/1972,Other
1883,qjtg,dffs,gmuhfs,1060966453,5/13/1981,Female
1884,kczb,oiak,jizqir,5138268262,2/20/1979,Other
1885,npjn,ftls,gpsacr,4004513811,8/4/1903,Male
1886,iazm,wyzc,jqqsje,3119107577,5/21/1934,Female
1887,mbcy,jzjb,ackxfe,1827179015,4/29/1946,Other
1888,loin,luun,sqnnoh,7548686298,12/10/1927,Male
1889,schp,bcpy,hhalds,2845638751,2/11/1984,Male
1890,odbq,kuls,zznfbf,3037338072,8/5/1912,Other
1891,llzl,sjex,rbedvl,4667362777,5/20/1983,Other
1892,dxcs,wflf,ckubmc,1469746384,7/16/1960,Other
1893,ocpu,jvoj,rdxrmk,4937546468,5/26/1947,Male
1894,pogc,oadl,bxigki,742069328,2/15/1986,Male
1895,rbat,flrx,rswnhm,4037957755,12/15/1944,Other
1896,nhvs,diyy,uvmfcm,8799984597,6/16/1922,Other
1897,aixy,vfos,cidicu,699251884,12/16/1979,Female
1898,flhz,dsml,yjklci,931641982,8/9/1954,Male
1899,kobx,vsbk,ubxgty,3081434703,6/28/1905,Other
1900,vfst,orpo,ftvbdt,9789447397,12/10/1982,Female
1901,faou,drrw,opviqj,9951198636,3/28/1909,Other
1902,xmcw,kjnb,mrisbn,2682482971,8/30/1904,Female
1903,cztu,jnny,vznnpm,1389466706,10/30/1941,Other
1904,twws,lsgh,smoafb,652099112,5/22/1963,Male
1905,lobb,vlga,ysiyxs,1988700848,1/22/1980,Other
1906,uika,hhfj,xtfzvy,5045946948,9/16/1983,Other
1907,vzqu,uner,llxeer,8917848069,6/8/1936,Other
1908,kjsb,oumo,wieopr,7361623884,11/4/1918,Other
1909,nvaw,qbvl,ktcnny,2157370712,6/27/1907,Female
1910,gmxi,rakp,cevfbf,3221566977,4/3/1997,Other
1911,hxru,uhsg,pygohh,9335113076,7/10/1985,Male
1912,wcwl,derl,wujogg,5423155291,3/28/1979,Female
1913,otcg,wych,woeqwx,8034534648,4/21/1998,Male
1914,vywf,xtpm,ejhqto,7741417790,10/26/1986,Other
1915,zdbv,isuc,pvvgbz,4636019949,11/3/1983,Other
1916,aeyi,thdo,qgyflr,5660819767,7/18/1972,Female
1917,vpzv,nizg,kxfecb,9014058859,10/3/1902,Female
1918,ccdm,qlgz,oiidqt,526279155,10/27/1927,Male
1919,yirq,ztco,tdezdl,1638313330,6/21/1934,Female
1920,htsp,ircs,ccjsfu,127879880,12/25/1907,Male
1921,tzub,ttvl,clptzm,4109752397,11/20/1956,Female
1922,zqnn,qqef,scderh,8298607614,1/16/1915,Other
1923,qbqp,yson,bdqpbu,2121399394,6/2/1950,Female
1924,mzke,fnjv,xhuemp,1924307153,12/28/1971,Female
1925,kgfw,rpwz,dwvcuk,7636459521,10/1/1933,Female
1926,lanq,xwkz,nncyxu,9179056574,2/7/1961,Female
1927,jnvr,kksc,zvimct,5345089430,6/3/1928,Male
1928,gmkf,jikw,koulyu,619456530,5/10/1993,Male
1929,opaj,dtlm,fbdjeq,1126380018,11/6/1977,Female
1930,gjao,uzpm,krgwns,3199954336,9/9/1974,Other
1931,ngxp,sdmt,xmqcqv,4888180666,2/9/1920,Other
1932,cclx,vgbu,jcjmcz,8746085777,9/12/1927,Female
1933,dwff,ythe,frqbbe,7930824279,6/13/1905,Male
1934,khjc,vdvh,sxqtji,2373893631,10/20/1955,Male
1935,bnfd,uuas,lguizg,6016499005,6/29/1996,Female
1936,mmdv,sajs,utrygk,4734181251,5/3/1945,Female
1937,xira,cksw,yjbttl,4508458146,4/12/1968,Male
1938,pzrh,tdka,wwgoqq,462033415,5/19/1914,Male
1939,pccq,jscb,usxher,7831405186,12/20/1924,Other
1940,xnuu,oowh,czbqsy,1848857529,5/17/1957,Female
1941,woeu,kkot,zpxyjk,1333390172,9/16/1904,Male
1942,bnuy,afgl,qkzqwk,816611386,10/12/1955,Male
1943,kees,vzzm,tumhgu,7425589095,10/2/1920,Male
1944,vcwk,dggp,ijgmet,6709093147,4/3/1942,Male
1945,jkxn,gybr,lvpcrx,867529748,4/7/1946,Other
1946,yuky,iutb,oxjscd,9021698092,12/10/1948,Male
1947,wret,liwg,djpbwg,5829036910,11/4/1963,Female
1948,vpfl,gumo,lvnqud,8297129177,8/24/1967,Other
1949,jnbh,ggoz,jopbfe,2263599839,6/12/1993,Male
1950,hoic,nyrd,euqemj,6303940643,5/10/1908,Female
1951,igwd,udkt,hnzhea,6515170007,7/28/1977,Other
1952,ioyc,moos,qudjmh,440238740,11/4/1902,Male
1953,lmlm,meeh,hojlrz,5086425584,11/24/1955,Other
1954,dtgk,khks,dfrnds,2020261363,7/19/1954,Other
1955,hwdr,vkzo,gykjem,982051581,7/20/1975,Other
1956,pvhe,dowc,ivxodz,5403902155,6/5/1932,Female
1957,mhme,cpze,lbtzpg,8805084744,12/9/1938,Male
1958,yfdd,dbtq,aehqtp,1177458552,3/13/1939,Other
1959,uzku,azrq,hhexdk,4225895898,5/12/1984,Other
1960,vnua,yzix,ipjwbn,5130618166,3/26/1965,Female
1961,ftru,mabu,gwdngc,1998143156,9/22/1996,Male
1962,wwdf,ehkq,rrtixr,2866453777,12/23/1910,Male
1963,kdua,debk,gbwcch,3720193231,1/29/1985,Female
1964,xdmc,konm,sfmxyz,855536211,5/26/1973,Female
1965,dflo,efjd,pariui,9254569707,4/8/1980,Other
1966,akme,dctc,ufsegd,6299362070,10/13/1978,Other
1967,twkf,razr,znrwmz,8482208118,10/25/1931,Male
1968,oejq,yuqf,wuirts,4569086062,2/23/1965,Other
1969,jqbp,nura,qaqqsf,3591544022,10/28/1954,Male
1970,erzj,ikkm,teifvq,2339599694,11/9/1915,Male
1971,ekum,xcwz,bmtgog,2447815189,6/22/1961,Female
1972,rjwb,emto,bvyebw,4570309709,2/20/1941,Male
1973,lyrr,qjyj,ktkucv,3513908547,6/8/1936,Male
1974,rdup,ngoc,snaxux,4874600153,11/26/1981,Female
1975,vtqr,uajr,jokjkv,8391347636,8/17/1962,Female
1976,gdbl,bgsb,ekjeuw,3643192135,11/15/1998,Female
1977,mfpk,haaz,avnort,7524019880,6/14/1907,Other
1978,xotb,yict,wfdetl,508231657,10/24/1941,Male
1979,ofyj,uigi,wkcyav,3654324260,2/18/1918,Other
1980,bnbt,ymjc,gpsbsa,6124202311,11/11/1958,Female
1981,nkvy,mrkg,pxpdtf,6349378347,9/5/1910,Male
1982,dlcu,pcjg,bdnhxg,7299111068,2/13/1986,Male
1983,ppzw,ojbe,rvfqwp,9640176473,5/19/1964,Female
1984,yaje,belw,tncmup,9643921194,11/11/1952,Other
1985,zodp,zexm,klfkyx,3908351302,10/11/1975,Male
1986,hwhn,gppv,iwzdic,4590242998,9/9/1988,Male
1987,zfkj,thxw,cbxsrh,278799349,11/18/1941,Male
1988,tuqm,ebhu,fjqqtn,9699568241,11/24/1975,Other
1989,ualy,vadp,anrzuj,8600109463,12/13/1957,Male
1990,xolt,gsxm,izyzql,8923778477,2/21/1927,Male
1991,evdt,mges,yuhifl,2376206486,11/24/1956,Female
1992,iyip,esfk,feudkb,8758514365,5/10/1970,Female
1993,sejy,yslv,apxvvg,3178745569,1/11/1966,Female
1994,sgdn,xjkq,wkjzlw,2191520027,1/19/1915,Other
1995,cqij,xxuu,vplvje,9449387338,7/17/1998,Male
1996,varo,wzpt,fvaidj,2155910157,5/23/1926,Male
1997,ntul,diym,nfindk,5784863951,8/25/1936,Other
1998,ewas,jjkx,egwbmv,1089543209,3/28/1997,Male
1999,rgry,avzt,yqmkim,8915822782,6/11/1958,Male
2000,lpcm,rsyj,rursta,4944780341,10/15/1933,Male
