0,default,\N
1,ditkrl,\N
2,purcmq,\N
3,wbecuz,\N
4,kxketj,\N
5,hpmbcc,\N
6,mzwlgv,\N
7,kpfpsi,\N
8,mmchzq,\N
9,cfbgxi,\N
10,ccftfq,\N
11,wujruk,\N
12,mulzju,\N
13,ktmbqk,\N
14,wksogo,\N
15,yltjho,\N
16,rzhaih,\N
17,folpen,\N
18,feeomn,\N
19,uzvoiq,\N
20,wlqmwx,\N
21,oylnna,\N
22,saztpz,\N
23,hzuysd,\N
24,yiskuv,\N
25,fcnmko,\N
26,ecqdwb,\N
27,awgzwb,\N
28,vqocew,\N
29,tpfuan,\N
30,ospmem,\N
31,lemtau,\N
32,wwunra,\N
33,cxszjr,\N
34,oselzk,\N
35,txdpen,\N
36,jnscpw,\N
37,kumoml,\N
38,opcnsm,\N
39,nyqtjs,\N
40,orvxfs,\N
41,ewosxh,\N
42,eubeuj,\N
43,xuvdjm,\N
44,fenack,\N
45,eaxxnh,\N
46,swkyfn,\N
47,aonljs,\N
48,hkghxy,\N
49,iwpbcc,\N
50,uyjkoy,\N
51,gcjngp,\N
52,jnluzd,\N
53,uzryqv,\N
54,lmmtlw,\N
55,ytvnnn,\N
56,hewjfl,\N
57,sptori,\N
58,lwzgfj,\N
59,jstbgo,\N
60,pifvhg,\N
61,egriun,\N
62,mzxmnk,\N
63,ldwsdr,\N
64,hllslu,\N
65,hngbzu,\N
66,smeznt,\N
67,latuhy,\N
68,nvuant,\N
69,inqhua,\N
70,rmjwhi,\N
71,naluiq,\N
72,lukvzl,\N
73,rdoarj,\N
74,vuevbr,\N
75,stmzdj,\N
76,gnceiz,\N
77,jknlwp,\N
78,uijjqf,\N
79,rnmhzj,\N
80,muwjoo,\N
81,owlqtb,\N
82,gwuzhk,\N
83,kohbcv,\N
84,hhsevn,\N
85,smsqje,\N
86,rzsizd,\N
87,kvarur,\N
88,wjiujv,\N
89,dgdwel,\N
90,gkrcbn,\N
91,dtkcth,\N
92,ynuark,\N
93,uquaks,\N
94,wlmxmz,\N
95,axiccw,\N
96,orutqq,\N
97,cmfefe,\N
98,mcwuzx,\N
99,egjhix,\N
100,ydhdxp,\N
101,ihevss,\N
102,dqaplg,\N
103,eceimb,\N
104,tlxzrd,\N
105,eiqpfe,\N
106,pnzthj,\N
107,jtmnwr,\N
108,fjngbe,\N
109,olazgh,\N
110,mjyooa,\N
111,pyomyp,\N
112,snfirm,\N
113,pypegw,\N
114,slxjqg,\N
115,upcyuf,\N
116,nlfdah,\N
117,vhigwc,\N
118,wwbgfa,\N
119,feiivi,\N
120,fffqal,\N
121,ykoxlf,\N
122,crivah,\N
123,dwceom,\N
124,wbzbve,\N
125,aqdvzu,\N
126,dhzmko,\N
127,ytouka,\N
128,htngep,\N
129,zqffei,\N
130,uofzsd,\N
131,tipapv,\N
132,taguni,\N
133,ayqdoq,\N
134,vgrbkb,\N
135,uypshh,\N
136,ilmtta,\N
137,pyqevl,\N
138,bxvklj,\N
139,ooqcnv,\N
140,cevvbb,\N
141,ddgnjz,\N
142,hewnyi,\N
143,dqjzfh,\N
144,xusvfh,\N
145,hpttmr,\N
146,cgzufe,\N
147,gtpuoy,\N
148,sjfekp,\N
149,ivblvr,\N
150,jloqfy,\N
151,jofwoz,\N
152,jcgdmo,\N
153,llhphy,\N
154,xxtkex,\N
155,pryuum,\N
156,pvstco,\N
157,ajbakf,\N
158,ehyxnu,\N
159,rdtfem,\N
160,tellam,\N
161,nqvind,\N
162,jmwfmw,\N
163,xzznvr,\N
164,xeyvnb,\N
165,nguhqt,\N
166,xeoxtk,\N
167,ttrfyg,\N
168,zobycu,\N
169,mrgwiz,\N
170,ibhhwz,\N
171,jtkgpk,\N
172,qulqiu,\N
173,tuwgdi,\N
174,xxbcza,\N
175,yvouuu,\N
176,uccwao,\N
177,ghmzup,\N
178,qkztqx,\N
179,protai,\N
180,clwhcm,\N
181,gnjiea,\N
182,bldjim,\N
183,ulxqvs,\N
184,esneib,\N
185,uugbsl,\N
186,lxhnkd,\N
187,gvxuhi,\N
188,pjaiko,\N
189,wpxuwz,\N
190,bovkik,\N
191,qthciv,\N
192,ybpzte,\N
193,ealwcm,\N
194,delquk,\N
195,egeawf,\N
196,rgnrow,\N
197,qlbgil,\N
198,cxhfhx,\N
199,fjkqvx,\N
200,wnbrqs,\N
201,puajcz,\N
202,jklprj,\N
203,favzxi,\N
204,ddlmxb,\N
205,imoegb,\N
206,fhftxn,\N
207,riopmw,\N
208,smsxqf,\N
209,emuoxy,\N
210,olnklo,\N
211,lxobwz,\N
212,mndlhi,\N
213,qjkyyd,\N
214,fsnlex,\N
215,uiwqpe,\N
216,feeswd,\N
217,scurtl,\N
218,dqtrlp,\N
219,aguato,\N
220,ymfsiu,\N
221,eyrcue,\N
222,towvhi,\N
223,ubfupd,\N
224,vzmrmz,\N
225,rtulyc,\N
226,cqmhme,\N
227,ypbncn,\N
228,bppwva,\N
229,etwayp,\N
230,uqyzte,\N
231,mxbxej,\N
232,urqwct,\N
233,jfyity,\N
234,mrnlwa,\N
235,vsaulm,\N
236,mjxcbl,\N
237,mmkkkq,\N
238,wsicxp,\N
239,lfxusx,\N
240,tdvfhd,\N
241,uvdhui,\N
242,kttqlq,\N
243,wfkmcx,\N
244,gohalb,\N
245,tvqxuz,\N
246,xowosk,\N
247,hintkz,\N
248,zekwak,\N
249,cytbgr,\N
250,ifvxff,\N
251,xfmxdm,\N
252,vllvlt,\N
253,hhszyv,\N
254,ntrcgj,\N
255,pfiamj,\N
256,opknnv,\N
257,qttumr,\N
258,fekdzl,\N
259,ryxxmq,\N
260,fwwxyh,\N
261,rrlcdb,\N
262,yogzsy,\N
263,xvmzug,\N
264,eelswx,\N
265,mdgoym,\N
266,idmmyp,\N
267,sahkpa,\N
268,nkfvry,\N
269,prsjap,\N
270,oxfwie,\N
271,llviia,\N
272,kuimby,\N
273,zcdgoz,\N
274,xlxijt,\N
275,tjtnsf,\N
276,ngqhag,\N
277,ltxppg,\N
278,rnquev,\N
279,jifcma,\N
280,whrhcn,\N
281,hqnewp,\N
282,vgichn,\N
283,iizfvg,\N
284,rqfukz,\N
285,dxojhe,\N
286,lpscbu,\N
287,gtgkxb,\N
288,kfyfpa,\N
289,ychfwt,\N
290,vmkxaf,\N
291,hgclof,\N
292,wbvvaa,\N
293,eyluym,\N
294,obhfqk,\N
295,oqtyks,\N
296,rkewhs,\N
297,skbnsz,\N
298,aiafxg,\N
299,gazrdd,\N
300,vqfjqc,\N
301,ukcouj,\N
302,zvebjv,\N
303,ofymgx,\N
304,cicdnq,\N
305,ivlxsq,\N
306,fqiqnn,\N
307,ilmiyh,\N
308,woimlu,\N
309,aksucq,\N
310,mpvfoi,\N
311,uyvywl,\N
312,xvkrxc,\N
313,lqplhm,\N
314,lxtoqe,\N
315,nblgij,\N
316,wbacxs,\N
317,wbateb,\N
318,rjpgbd,\N
319,nzpjxx,\N
320,mbzxwd,\N
321,bneoyh,\N
322,fmyxfk,\N
323,xexxak,\N
324,mebnad,\N
325,utzjhe,\N
326,zjqjae,\N
327,ttkgkx,\N
328,kxyrln,\N
329,dczkmh,\N
330,omsvtc,\N
331,oeadxu,\N
332,rjhxvo,\N
333,uviuko,\N
334,wmyakf,\N
335,qoeyle,\N
336,hcnjaf,\N
337,cqsgbq,\N
338,yvkceo,\N
339,jecjjg,\N
340,qtfdzg,\N
341,coficw,\N
342,fqtupj,\N
343,myvcma,\N
344,sxplpn,\N
345,lrektf,\N
346,yfyror,\N
347,wewqsc,\N
348,uzpnhv,\N
349,pfrtyr,\N
350,plovzk,\N
351,ivkrzp,\N
352,jwoeby,\N
353,kuzayr,\N
354,jorxrx,\N
355,fsfhcl,\N
356,jnsqtg,\N
357,kabmkv,\N
358,stgaao,\N
359,wmovpe,\N
360,zrycrq,\N
361,kyfhta,\N
362,nqfviy,\N
363,lwdvtl,\N
364,vfgmfq,\N
365,bfeyid,\N
366,gtmntt,\N
367,mlkktc,\N
368,phrrql,\N
369,ewcsgw,\N
370,bsndpa,\N
371,kyszkx,\N
372,ogyelc,\N
373,vdgroz,\N
374,rnfpra,\N
375,pibhej,\N
376,eofcgu,\N
377,oxruph,\N
378,ilbjyh,\N
379,isszzk,\N
380,fjnmrn,\N
381,roaajd,\N
382,xqrydg,\N
383,nijvmw,\N
384,fdsktd,\N
385,kogdgo,\N
386,oajrln,\N
387,ihwfqh,\N
388,twdxfk,\N
389,tszhaf,\N
390,lnajmv,\N
391,gjevpr,\N
392,cippyl,\N
393,obeihs,\N
394,blrmmz,\N
395,cnzhyq,\N
396,nkcncs,\N
397,qcrqej,\N
398,hdvtsr,\N
399,mlplyf,\N
400,cjhyyk,\N
401,jlebtt,\N
402,czqvjr,\N
403,fjwzvb,\N
404,tbtmdo,\N
405,jysptw,\N
406,hmtjft,\N
407,reptkn,\N
408,vvvqgb,\N
409,rdscqa,\N
410,kcoecl,\N
411,vxuaqy,\N
412,vffucp,\N
413,gpzwfa,\N
414,jwsfzx,\N
415,jipsde,\N
416,vmvscy,\N
417,iqejsr,\N
418,bwmsui,\N
419,jjqhby,\N
420,xtfniz,\N
421,locfzt,\N
422,kljfnn,\N
423,khvjgx,\N
424,epvfpt,\N
425,zsswch,\N
426,zcrdyj,\N
427,piylsb,\N
428,swzeyo,\N
429,tthekr,\N
430,eybfez,\N
431,zcpphd,\N
432,ahdczi,\N
433,ayfsgf,\N
434,vambto,\N
435,yzbmay,\N
436,sntogh,\N
437,ebcjlb,\N
438,bswubq,\N
439,aeacvf,\N
440,oenimr,\N
441,xkneti,\N
442,jjgrar,\N
443,cixgqt,\N
444,zuegps,\N
445,huzobv,\N
446,xxlrdv,\N
447,tngwsh,\N
448,ezgnqz,\N
449,iuflcj,\N
450,iugroc,\N
451,surtfw,\N
452,btwczk,\N
453,qujern,\N
454,viylls,\N
455,ixscsr,\N
456,rfwwbc,\N
457,ntqhnh,\N
458,mnpymq,\N
459,haffxm,\N
460,vccjeg,\N
461,cgnukq,\N
462,zztfdj,\N
463,dvnqio,\N
464,bttlmy,\N
465,nabdub,\N
466,xyqmzs,\N
467,efeudz,\N
468,jjstnv,\N
469,itxbkr,\N
470,uhuuyj,\N
471,kxfcdl,\N
472,vphnzx,\N
473,pxtnmc,\N
474,fwmktr,\N
475,uyincu,\N
476,qpdqec,\N
477,kfbeoo,\N
478,bmwbuo,\N
479,mycyog,\N
480,fltwar,\N
481,aqabic,\N
482,ybqxbn,\N
483,ciaidv,\N
484,tuvyzs,\N
485,jsfglu,\N
486,cucmdw,\N
487,icfyul,\N
488,tsdviw,\N
489,ntqqmb,\N
490,cuvdqn,\N
491,byoqzs,\N
492,kungdb,\N
493,wbdjmh,\N
494,evslqb,\N
495,zcuvmk,\N
496,izhbfc,\N
497,zrhfaf,\N
498,yotpms,\N
499,cgshqt,\N
500,ifagad,\N
501,qbqfat,\N
502,kfdvfl,\N
503,bwcrpj,\N
504,oprqgj,\N
505,saffij,\N
506,sndxfc,\N
507,hqccvh,\N
508,krcgjb,\N
509,mpgfgc,\N
510,zgbbey,\N
511,wautcx,\N
512,raxisq,\N
513,vglvka,\N
514,gqmxan,\N
515,yzhgug,\N
516,sgjgly,\N
517,ivilxn,\N
518,cjvvgf,\N
519,uhneuu,\N
520,dydewp,\N
521,zlwcec,\N
522,fiexum,\N
523,logmwl,\N
524,xglwau,\N
525,tspnay,\N
526,doswsl,\N
527,vxsqtx,\N
528,dvdrhj,\N
529,sjmgjy,\N
530,xqjpbb,\N
531,jarrom,\N
532,pbirtx,\N
533,xbkoeo,\N
534,qxuqvm,\N
535,owjwlw,\N
536,yxyiey,\N
537,hqwgjw,\N
538,uwihcl,\N
539,sjsxqm,\N
540,vdhhmg,\N
541,tmczda,\N
542,ysxypt,\N
543,ofoojn,\N
544,hxfzbk,\N
545,ypaabp,\N
546,nwpsmm,\N
547,bjhltr,\N
548,xtugzy,\N
549,vbxsca,\N
550,yadvuw,\N
551,byrcrj,\N
552,arzmci,\N
553,axbnrs,\N
554,sysjro,\N
555,jkzkyk,\N
556,esrskz,\N
557,toagum,\N
558,iukurj,\N
559,cxnmvp,\N
560,ojnafm,\N
561,blimsp,\N
562,ncwbyk,\N
563,zgpqpl,\N
564,iuxelj,\N
565,ebwnyt,\N
566,xolhof,\N
567,uczqer,\N
568,ktjzar,\N
569,amtakt,\N
570,zjtoez,\N
571,fgtnyn,\N
572,apbdty,\N
573,vuwnyo,\N
574,btgfdi,\N
575,lhrsaq,\N
576,mihzkd,\N
577,zliout,\N
578,wawlpz,\N
579,jnwkpn,\N
580,gytpmz,\N
581,pisses,\N
582,mycjqc,\N
583,vxppga,\N
584,kfedvx,\N
585,rrtwss,\N
586,ejnbig,\N
587,byhoxl,\N
588,ozchhe,\N
589,pblhck,\N
590,ookhfx,\N
591,gnrgoc,\N
592,gsicdf,\N
593,heodtp,\N
594,wlaqgs,\N
595,vqfryu,\N
596,ovdbme,\N
597,mwcozm,\N
598,iytbta,\N
599,hifpnr,\N
600,plgebj,\N
601,bkcqax,\N
602,subjse,\N
603,brcorh,\N
604,odoiup,\N
605,onsvcn,\N
606,hqvzmi,\N
607,pfthup,\N
608,urpxhx,\N
609,jfyjrt,\N
610,qhxdny,\N
611,wwagyg,\N
612,igpitk,\N
613,gktpkm,\N
614,ngytnz,\N
615,gtiwnj,\N
616,intmle,\N
617,qkzhbl,\N
618,ustiww,\N
619,karrfc,\N
620,gucxlu,\N
621,eeejxc,\N
622,qioojk,\N
623,cvzcko,\N
624,uzzofw,\N
625,wuzalv,\N
626,tibxsq,\N
627,mwiyyf,\N
628,mcrlhw,\N
629,scehrj,\N
630,iqmmra,\N
631,xzmdje,\N
632,lqzgwn,\N
633,htegxx,\N
634,rgviah,\N
635,rqksgm,\N
636,ldnuga,\N
637,kvlbro,\N
638,kgkavp,\N
639,vugvjw,\N
640,roerff,\N
641,vlqkxs,\N
642,sqnwob,\N
643,ohzdwp,\N
644,fmfqhl,\N
645,imyami,\N
646,ygzicm,\N
647,hqzasy,\N
648,plwgcl,\N
649,ipjvco,\N
650,skawer,\N
651,rgyerm,\N
652,mvwmlj,\N
653,ffuwcc,\N
654,kuwwte,\N
655,qqxjhv,\N
656,kzubop,\N
657,xfcajb,\N
658,lcfzvy,\N
659,zzzguc,\N
660,hfkwbo,\N
661,jnfknj,\N
662,ihrjpz,\N
663,rmdswx,\N
664,ppyjqi,\N
665,eqstpl,\N
666,sslvof,\N
667,iyzjmt,\N
668,khblta,\N
669,dmklrv,\N
670,eswjeq,\N
671,zuijmj,\N
672,vjdcgk,\N
673,zhjzwc,\N
674,hlrmul,\N
675,ngqacg,\N
676,aedsel,\N
677,aloudp,\N
678,hekjcj,\N
679,cvtqzd,\N
680,lphvbk,\N
681,bzxkck,\N
682,tilzca,\N
683,cpxnxd,\N
684,gllggg,\N
685,hsdzch,\N
686,urshuo,\N
687,ubpkln,\N
688,dzzhue,\N
689,fhelrz,\N
690,peguwx,\N
691,ekhdrx,\N
692,baymwz,\N
693,bcccic,\N
694,jjpijv,\N
695,ohupii,\N
696,cehpys,\N
697,cirkpz,\N
698,bvfqcu,\N
699,tntozh,\N
700,nrctbx,\N
701,tntnfw,\N
702,duhrhe,\N
703,xrgrng,\N
704,wxzjgj,\N
705,ztjrtu,\N
706,swjndw,\N
707,nwzkrk,\N
708,azxiwv,\N
709,coymie,\N
710,qmxlos,\N
711,cwjpoq,\N
712,zyjowl,\N
713,wlksry,\N
714,tqdupf,\N
715,umofid,\N
716,akfiwx,\N
717,akiiuj,\N
718,wjyipg,\N
719,xhnfqn,\N
720,pwyeoe,\N
721,bzqtyk,\N
722,avaysk,\N
723,taprlj,\N
724,qpuhbp,\N
725,moespf,\N
726,zfgwgb,\N
727,xuraxo,\N
728,eydmqf,\N
729,hbpjdy,\N
730,zxtmyw,\N
731,ijnsgv,\N
732,romcnh,\N
733,qbrdfb,\N
734,xfigug,\N
735,dzeute,\N
736,mhbabf,\N
737,lcgqte,\N
738,zgrock,\N
739,imvsek,\N
740,zlrwxu,\N
741,qokuts,\N
742,pwoaqw,\N
743,vuefin,\N
744,ahlqdf,\N
745,jjrkzd,\N
746,aszbym,\N
747,nbqpft,\N
748,myyyfw,\N
749,kbmyuk,\N
750,okbmgr,\N
751,zpchdn,\N
752,ofmwqk,\N
753,boubmo,\N
754,esieju,\N
755,bmmndm,\N
756,erljgp,\N
757,inzcjq,\N
758,dkizhk,\N
759,xrhtlc,\N
760,yoggep,\N
761,amnwwc,\N
762,rzyzwt,\N
763,wtssrt,\N
764,ubrcqr,\N
765,hwsdgh,\N
766,bwaaok,\N
767,kgecdn,\N
768,bmpgwn,\N
769,dtpcxi,\N
770,xztpru,\N
771,dlkpys,\N
772,teiyxe,\N
773,zmaacx,\N
774,bdaezu,\N
775,xkdudu,\N
776,bdryhf,\N
777,ckdcnb,\N
778,zikqup,\N
779,blsibf,\N
780,ctsbkv,\N
781,vtlwqw,\N
782,vuewti,\N
783,fyagaw,\N
784,dfcjeb,\N
785,kqktbm,\N
786,pldnup,\N
787,otvlks,\N
788,athgnx,\N
789,dleqjd,\N
790,zharae,\N
791,qgreri,\N
792,bpshil,\N
793,bxbadi,\N
794,xwhaui,\N
795,msefzj,\N
796,cqvgku,\N
797,ubomjb,\N
798,mdvoge,\N
799,ghahtg,\N
800,xkiwpa,\N
801,qdjhyp,\N
802,uugsfh,\N
803,dhjshe,\N
804,tcqezs,\N
805,kaoafa,\N
806,eltdwo,\N
807,mfzomc,\N
808,jqjnzu,\N
809,wphmun,\N
810,xxrehb,\N
811,pyqrlu,\N
812,hvzdrc,\N
813,ljwrqe,\N
814,lyztam,\N
815,jnttuf,\N
816,colnhw,\N
817,krwvvb,\N
818,shzxry,\N
819,pprbpe,\N
820,paxens,\N
821,lmhzlo,\N
822,pjhvzn,\N
823,mfxlvv,\N
824,rcltcm,\N
825,ecdofh,\N
826,oqbyvb,\N
827,rxfjkk,\N
828,czoats,\N
829,xqhedu,\N
830,ymprtz,\N
831,nipvmb,\N
832,jtzbpq,\N
833,raylrr,\N
834,rhzfom,\N
835,jywtrs,\N
836,ppgyye,\N
837,mjxaqd,\N
838,pzrdxl,\N
839,yvkmxj,\N
840,tznvtc,\N
841,amawpz,\N
842,jumalf,\N
843,ewnvjg,\N
844,etlpgi,\N
845,jnrleg,\N
846,qsjkqg,\N
847,xyngfp,\N
848,hgayfg,\N
849,azjgzg,\N
850,nqgvun,\N
851,tqylgl,\N
852,vgedtm,\N
853,wooxsj,\N
854,awpxav,\N
855,yyzzqn,\N
856,drmgwi,\N
857,vhxcgr,\N
858,eytcqp,\N
859,miyglp,\N
860,opxzrf,\N
861,olctqx,\N
862,vvinpo,\N
863,nxnylq,\N
864,zkyuoo,\N
865,ahpiyo,\N
866,erzsac,\N
867,cctuxf,\N
868,nfbato,\N
869,bzenut,\N
870,nhloau,\N
871,exxsou,\N
872,rpgvlt,\N
873,qbgzmo,\N
874,nymksu,\N
875,kylzpn,\N
876,wszqqo,\N
877,hhvvrt,\N
878,cfutsh,\N
879,yehswg,\N
880,prrejr,\N
881,swlauo,\N
882,myfwcx,\N
883,sfnjtz,\N
884,jljnzb,\N
885,wbzlin,\N
886,fijcoq,\N
887,mrfwmb,\N
888,znkgvo,\N
889,wmokrd,\N
890,rajhqr,\N
891,cmxsjk,\N
892,zsljbm,\N
893,jryfgp,\N
894,rpitjd,\N
895,vbwfcs,\N
896,jacxvn,\N
897,gxjxmt,\N
898,expfjt,\N
899,iejlnt,\N
900,dtfcts,\N
901,xomzrc,\N
902,mrmaao,\N
903,gwaqhs,\N
904,yibgos,\N
905,lgbnhl,\N
906,goziwv,\N
907,fhxmiq,\N
908,twhnxz,\N
909,cnhaql,\N
910,wvcmau,\N
911,rpvxwy,\N
912,gcnkub,\N
913,dnrfja,\N
914,jtmfxi,\N
915,tecyyg,\N
916,sdmiut,\N
917,aqvlnh,\N
918,fkbtru,\N
919,cfdtpq,\N
920,qqzhil,\N
921,zkctsi,\N
922,zxxizk,\N
923,hhrcdp,\N
924,gsrols,\N
925,psxwmn,\N
926,zjqdoz,\N
927,ptrhjg,\N
928,pjykyr,\N
929,aikqob,\N
930,dxfpqk,\N
931,wujuul,\N
932,rpmcob,\N
933,dkpual,\N
934,mvimch,\N
935,uwnttf,\N
936,bqwjwi,\N
937,dpblrk,\N
938,lyerqu,\N
939,rrhliy,\N
940,dikpwi,\N
941,gubleb,\N
942,mnfaby,\N
943,gqxhvk,\N
944,ergcgp,\N
945,aanmdh,\N
946,youxws,\N
947,rxddzd,\N
948,fsbcxr,\N
949,ldckjg,\N
950,czguwf,\N
951,iubrbh,\N
952,wmgiwq,\N
953,skjlhy,\N
954,bxwdas,\N
955,avosml,\N
956,enocwh,\N
957,gnpuzx,\N
958,vhepem,\N
959,ytscqt,\N
960,doaiag,\N
961,zpfitc,\N
962,awfebl,\N
963,twluzn,\N
964,tetssy,\N
965,cnhtwh,\N
966,tvamee,\N
967,qxeuey,\N
968,isbkmm,\N
969,izvrcg,\N
970,qcqwmq,\N
971,rkwhyl,\N
972,curqxt,\N
973,afdqpd,\N
974,qpwpij,\N
975,vitqji,\N
976,wpkrcs,\N
977,vpxnhi,\N
978,akjhyb,\N
979,fziqkd,\N
980,dmcriz,\N
981,wjpcyy,\N
982,wbeayd,\N
983,azdazz,\N
984,coozjv,\N
985,qvaelf,\N
986,fxihxf,\N
987,ftwwdp,\N
988,nfgtwq,\N
989,fxqfnr,\N
990,qksbri,\N
991,xkozqe,\N
992,fgwcgd,\N
993,jccrog,\N
994,potgzw,\N
995,oxbfbu,\N
996,pictqd,\N
997,mfqsny,\N
998,bmrqdq,\N
999,jmedeu,\N
1000,kiftdg,\N
